Table with column headers in rows 2 through 4.,Unnamed: 1,Unnamed: 2,Unnamed: 3,Unnamed: 4,Unnamed: 5,Unnamed: 6,Unnamed: 7,Unnamed: 8,Unnamed: 9,Unnamed: 10,Unnamed: 11,Unnamed: 12,Unnamed: 13,Unnamed: 14,Unnamed: 15,Unnamed: 16,Unnamed: 17,Unnamed: 18,Unnamed: 19,Unnamed: 20,Unnamed: 21,Unnamed: 22,Unnamed: 23,Unnamed: 24,Unnamed: 25,Unnamed: 26,Unnamed: 27,Unnamed: 28,Unnamed: 29,Unnamed: 30,Unnamed: 31,Unnamed: 32,Unnamed: 33,Unnamed: 34,Unnamed: 35,Unnamed: 36,Unnamed: 37
Current Residence FIPS State Code,Current Residence FIPS County Code,Residence 1 Year Ago State/U.S. Island Area/Foreign Region Code,Residence 1 Year Ago FIPS County Code,State of Current Residence,County of Current Residence,County of Current Residence,,,,,,,,,,,,,,State/U.S. Island Area/Foreign Region of Residence 1 Year Ago,County of Residence 1 Year Ago,County of Residence 1 Year Ago,,,,,,,,,,,,,,Movers in County-to-County Flow,
,,,,,,Population 1 Year and Over,,Nonmovers,,Movers within United States,,Movers within Same County,,"Movers from Different County, Same State",,Movers from Different State,,Movers from Abroad1,,,,Population 1 Year and Over,,Nonmovers,,Movers within United States,,Movers within Same County,,"Movers to Different County, Same State",,Movers to Different State,,Movers to Puerto Rico,,,
,,,,,,Estimate,MOE,Estimate,MOE,Estimate,MOE,Estimate,MOE,Estimate,MOE,Estimate,MOE,Estimate,MOE,,,Estimate,MOE,Estimate,MOE,Estimate,MOE,Estimate,MOE,Estimate,MOE,Estimate,MOE,Estimate,MOE,Estimate,MOE
011,001,001,003,District of Columbia,District of Columbia,580260,623,470630,3352,101930,3074,56228,2453,,,45702,1909,7700,769,Alabama,Baldwin County,164966,1863,140749,1964,24217,2156,15329,1609,4144,745,4744,850,,,21,33
011,001,001,073,District of Columbia,District of Columbia,580260,623,470630,3352,101930,3074,56228,2453,,,45702,1909,7700,769,Alabama,Jefferson County,656191,2679,539550,4404,116594,4599,81942,3698,20995,1566,13657,1488,47,68,70,77
011,001,001,081,District of Columbia,District of Columbia,580260,623,470630,3352,101930,3074,56228,2453,,,45702,1909,7700,769,Alabama,Lee County,122891,1519,96666,1557,26225,1542,15797,1177,5618,571,4810,773,,,16,25
011,001,001,101,District of Columbia,District of Columbia,580260,623,470630,3352,101930,3074,56228,2453,,,45702,1909,7700,769,Alabama,Montgomery County,220327,1956,177299,2091,42990,2284,27272,1895,8437,995,7281,1174,38,62,13,16
011,001,001,125,District of Columbia,District of Columbia,580260,623,470630,3352,101930,3074,56228,2453,,,45702,1909,7700,769,Alabama,Tuscaloosa County,168917,1914,139762,2097,29155,1893,20417,1731,4609,650,4129,618,,,20,24
011,001,002,110,District of Columbia,District of Columbia,580260,623,470630,3352,101930,3074,56228,2453,,,45702,1909,7700,769,Alaska,Juneau City and Borough,29936,881,23530,887,6406,881,3617,602,549,192,2240,593,,,62,66
011,001,002,122,District of Columbia,District of Columbia,580260,623,470630,3352,101930,3074,56228,2453,,,45702,1909,7700,769,Alaska,Kenai Peninsula Borough,53431,1047,42648,866,10783,1056,5554,709,1363,329,3866,670,,,96,90
011,001,002,220,District of Columbia,District of Columbia,580260,623,470630,3352,101930,3074,56228,2453,,,45702,1909,7700,769,Alaska,Sitka City and Borough,8627,433,7051,388,1576,420,836,283,413,203,327,134,,,22,36
011,001,004,005,District of Columbia,District of Columbia,580260,623,470630,3352,101930,3074,56228,2453,,,45702,1909,7700,769,Arizona,Coconino County,125634,1773,100381,1820,25253,1903,13197,1289,7405,1088,4651,779,,,17,21
011,001,004,013,District of Columbia,District of Columbia,580260,623,470630,3352,101930,3074,56228,2453,,,45702,1909,7700,769,Arizona,Maricopa County,3722654,7682,2993298,11083,729328,10990,569170,9886,47055,2726,113103,4066,28,36,179,131
011,001,004,019,District of Columbia,District of Columbia,580260,623,470630,3352,101930,3074,56228,2453,,,45702,1909,7700,769,Arizona,Pima County,952798,3988,766189,5644,186563,6221,143700,5281,15801,1682,27062,1646,46,62,29,26
011,001,004,025,District of Columbia,District of Columbia,580260,623,470630,3352,101930,3074,56228,2453,,,45702,1909,7700,769,Arizona,Yavapai County,204103,2051,171335,2504,32768,2283,19147,1923,6079,841,7542,1002,,,7,13
011,001,005,029,District of Columbia,District of Columbia,580260,623,470630,3352,101930,3074,56228,2453,,,45702,1909,7700,769,Arkansas,Conway County,20265,654,17716,459,2549,679,1221,314,991,529,337,146,,,9,15
011,001,005,103,District of Columbia,District of Columbia,580260,623,470630,3352,101930,3074,56228,2453,,,45702,1909,7700,769,Arkansas,Ouachita County,25441,670,21936,558,3505,517,2037,406,1082,346,386,199,,,12,20
011,001,005,119,District of Columbia,District of Columbia,580260,623,470630,3352,101930,3074,56228,2453,,,45702,1909,7700,769,Arkansas,Pulaski County,370461,2748,294814,2749,75647,3234,50100,2500,13473,1380,12074,1496,,,72,77
011,001,005,143,District of Columbia,District of Columbia,580260,623,470630,3352,101930,3074,56228,2453,,,45702,1909,7700,769,Arkansas,Washington County,183907,2280,140596,2327,43311,2414,29535,1947,7664,1135,6112,749,,,7,11
011,001,006,001,District of Columbia,District of Columbia,580260,623,470630,3352,101930,3074,56228,2453,,,45702,1909,7700,769,California,Alameda County,1429027,4567,1197957,6781,231070,6057,143538,5809,62492,2879,25040,1496,,,170,93
011,001,006,013,District of Columbia,District of Columbia,580260,623,470630,3352,101930,3074,56228,2453,,,45702,1909,7700,769,California,Contra Costa County,1000914,3442,852992,5650,147922,5588,94954,5006,37903,2004,15065,1442,,,16,25
011,001,006,023,District of Columbia,District of Columbia,580260,623,470630,3352,101930,3074,56228,2453,,,45702,1909,7700,769,California,Humboldt County,125537,1193,103284,1611,22253,1392,15167,1256,4145,631,2941,453,,,85,90
011,001,006,031,District of Columbia,District of Columbia,580260,623,470630,3352,101930,3074,56228,2453,,,45702,1909,7700,769,California,Kings County,138697,2067,114167,2395,24530,1974,14068,1756,7224,872,3238,674,,,12,19
011,001,006,037,District of Columbia,District of Columbia,580260,623,470630,3352,101930,3074,56228,2453,,,45702,1909,7700,769,California,Los Angeles County,9724599,9720,8385192,16130,1338968,17409,966637,14727,210484,5947,161847,4541,439,272,914,263
011,001,006,041,District of Columbia,District of Columbia,580260,623,470630,3352,101930,3074,56228,2453,,,45702,1909,7700,769,California,Marin County,239131,1948,207351,2047,31780,1852,17043,1407,10714,867,4023,656,,,25,40
011,001,006,053,District of Columbia,District of Columbia,580260,623,470630,3352,101930,3074,56228,2453,,,45702,1909,7700,769,California,Monterey County,396935,2471,326404,2670,70531,3352,44314,2598,15193,1454,11024,1442,,,106,143
011,001,006,059,District of Columbia,District of Columbia,580260,623,470630,3352,101930,3074,56228,2453,,,45702,1909,7700,769,California,Orange County,2935512,5997,2486770,8666,448604,8881,308826,7707,89401,4301,50377,2322,138,181,210,112
011,001,006,067,District of Columbia,District of Columbia,580260,623,470630,3352,101930,3074,56228,2453,,,45702,1909,7700,769,California,Sacramento County,1346497,4593,1076592,6391,269888,7009,196753,5776,48055,2333,25080,1960,17,26,109,75
011,001,006,071,District of Columbia,District of Columbia,580260,623,470630,3352,101930,3074,56228,2453,,,45702,1909,7700,769,California,San Bernardino County,1936073,6307,1611008,8626,325003,8714,215908,6913,67794,3132,41301,2686,62,51,48,46
011,001,006,073,District of Columbia,District of Columbia,580260,623,470630,3352,101930,3074,56228,2453,,,45702,1909,7700,769,California,San Diego County,2923461,6696,2402432,8152,520924,8429,363883,7418,63506,2853,93535,3351,105,79,635,357
011,001,006,075,District of Columbia,District of Columbia,580260,623,470630,3352,101930,3074,56228,2453,,,45702,1909,7700,769,California,San Francisco County,795020,4333,664364,3472,130483,4130,67205,2697,44762,2482,18516,1554,173,223,148,80
011,001,006,081,District of Columbia,District of Columbia,580260,623,470630,3352,101930,3074,56228,2453,,,45702,1909,7700,769,California,San Mateo County,689131,3624,596578,3891,92503,3334,51741,2996,31604,2247,9158,996,50,59,23,24
011,001,006,083,District of Columbia,District of Columbia,580260,623,470630,3352,101930,3074,56228,2453,,,45702,1909,7700,769,California,Santa Barbara County,392499,2961,307500,3537,84999,3845,57781,3075,16478,1636,10740,1327,,,77,90
011,001,006,085,District of Columbia,District of Columbia,580260,623,470630,3352,101930,3074,56228,2453,,,45702,1909,7700,769,California,Santa Clara County,1695555,4869,1427124,6414,268431,6552,187701,5619,53748,2803,26982,1858,,,119,75
011,001,006,087,District of Columbia,District of Columbia,580260,623,470630,3352,101930,3074,56228,2453,,,45702,1909,7700,769,California,Santa Cruz County,248455,1955,201203,2589,47244,2664,29439,2111,12551,1245,5254,922,8,12,94,79
011,001,006,111,District of Columbia,District of Columbia,580260,623,470630,3352,101930,3074,56228,2453,,,45702,1909,7700,769,California,Ventura County,781618,3993,675019,4258,106515,4482,67554,3292,21381,1697,17580,1876,84,95,14,22
011,001,006,113,District of Columbia,District of Columbia,580260,623,470630,3352,101930,3074,56228,2453,,,45702,1909,7700,769,California,Yolo County,183153,2715,141148,2374,42005,2272,26762,1811,11913,1123,3330,555,,,45,53
011,001,008,003,District of Columbia,District of Columbia,580260,623,470630,3352,101930,3074,56228,2453,,,45702,1909,7700,769,Colorado,Alamosa County,14652,660,11716,557,2936,576,1287,419,1100,321,549,254,,,5,15
011,001,008,005,District of Columbia,District of Columbia,580260,623,470630,3352,101930,3074,56228,2453,,,45702,1909,7700,769,Colorado,Arapahoe County,531127,3677,440783,3280,90332,3331,42087,2280,32771,1872,15474,1269,12,19,30,27
011,001,008,013,District of Columbia,District of Columbia,580260,623,470630,3352,101930,3074,56228,2453,,,45702,1909,7700,769,Colorado,Boulder County,284561,2934,221555,2473,63006,2768,37267,2098,14300,1349,11439,1110,,,54,43
011,001,008,031,District of Columbia,District of Columbia,580260,623,470630,3352,101930,3074,56228,2453,,,45702,1909,7700,769,Colorado,Denver County,578604,3719,444801,4003,133787,4235,65361,3260,45802,2184,22624,1712,16,25,157,88
011,001,008,035,District of Columbia,District of Columbia,580260,623,470630,3352,101930,3074,56228,2453,,,45702,1909,7700,769,Colorado,Douglas County,255075,2451,220201,2586,34874,2099,16842,1745,10565,939,7467,864,,,20,32
011,001,008,037,District of Columbia,District of Columbia,580260,623,470630,3352,101930,3074,56228,2453,,,45702,1909,7700,769,Colorado,Eagle County,49153,1149,42264,1274,6889,1034,3099,887,1930,514,1860,398,,,21,33
011,001,008,041,District of Columbia,District of Columbia,580260,623,470630,3352,101930,3074,56228,2453,,,45702,1909,7700,769,Colorado,El Paso County,564419,3601,444359,4003,119873,4273,75679,3276,12311,1182,31883,1783,187,180,6,10
011,001,008,059,District of Columbia,District of Columbia,580260,623,470630,3352,101930,3074,56228,2453,,,45702,1909,7700,769,Colorado,Jefferson County,521036,3354,434256,3098,86780,3668,41966,2138,31393,1907,13421,1149,,,13,23
011,001,008,113,District of Columbia,District of Columbia,580260,623,470630,3352,101930,3074,56228,2453,,,45702,1909,7700,769,Colorado,San Miguel County,7125,399,5595,279,1530,435,927,279,163,92,440,310,,,29,44
011,001,008,117,District of Columbia,District of Columbia,580260,623,470630,3352,101930,3074,56228,2453,,,45702,1909,7700,769,Colorado,Summit County,26416,813,21657,802,4759,785,1732,559,1483,413,1544,353,,,11,18
011,001,009,001,District of Columbia,District of Columbia,580260,623,470630,3352,101930,3074,56228,2453,,,45702,1909,7700,769,Connecticut,Fairfield County,885337,3226,780202,3859,104678,3897,62344,3165,13224,1166,29110,1840,457,235,276,119
011,001,009,003,District of Columbia,District of Columbia,580260,623,470630,3352,101930,3074,56228,2453,,,45702,1909,7700,769,Connecticut,Hartford County,864500,2839,753028,3572,110505,3917,74302,3142,14755,1193,21448,1400,967,342,131,75
011,001,009,005,District of Columbia,District of Columbia,580260,623,470630,3352,101930,3074,56228,2453,,,45702,1909,7700,769,Connecticut,Litchfield County,188509,1394,169677,1175,18772,1429,9681,958,3517,516,5574,754,60,93,12,19
011,001,009,009,District of Columbia,District of Columbia,580260,623,470630,3352,101930,3074,56228,2453,,,45702,1909,7700,769,Connecticut,New Haven County,834769,3145,726541,4091,107679,4256,70187,3567,14688,1166,22804,1661,549,274,246,117
011,001,009,011,District of Columbia,District of Columbia,580260,623,470630,3352,101930,3074,56228,2453,,,45702,1909,7700,769,Connecticut,New London County,261662,2138,221445,2495,40144,2452,23524,1902,4915,659,11705,1178,73,71,67,95
011,001,009,015,District of Columbia,District of Columbia,580260,623,470630,3352,101930,3074,56228,2453,,,45702,1909,7700,769,Connecticut,Windham County,114063,1254,98916,1522,15107,1304,9075,1032,3126,479,2906,594,40,62,11,19
011,001,010,001,District of Columbia,District of Columbia,580260,623,470630,3352,101930,3074,56228,2453,,,45702,1909,7700,769,Delaware,Kent County,149284,1348,126566,1713,22718,1757,13590,1418,3216,592,5912,904,,,482,151
011,001,010,003,District of Columbia,District of Columbia,580260,623,470630,3352,101930,3074,56228,2453,,,45702,1909,7700,769,Delaware,New Castle County,512778,3039,436208,2947,76414,3178,53744,2543,2529,400,20141,1681,156,162,750,354
011,001,010,005,District of Columbia,District of Columbia,580260,623,470630,3352,101930,3074,56228,2453,,,45702,1909,7700,769,Delaware,Sussex County,179730,1260,161253,1719,18477,1540,11297,1290,2303,624,4877,637,,,463,154
011,001,012,001,District of Columbia,District of Columbia,580260,623,470630,3352,101930,3074,56228,2453,,,45702,1909,7700,769,Florida,Alachua County,231934,2532,171862,2660,60072,2370,37291,2121,14520,1403,8261,848,,,85,69
011,001,012,009,District of Columbia,District of Columbia,580260,623,470630,3352,101930,3074,56228,2453,,,45702,1909,7700,769,Florida,Brevard County,523789,3164,448165,3644,75557,3358,47486,2620,12529,1336,15542,1672,67,62,14,26
011,001,012,011,District of Columbia,District of Columbia,580260,623,470630,3352,101930,3074,56228,2453,,,45702,1909,7700,769,Florida,Broward County,1724177,5167,1444750,7248,279147,6404,184874,5862,50096,2958,44177,2614,280,160,94,63
011,001,012,031,District of Columbia,District of Columbia,580260,623,470630,3352,101930,3074,56228,2453,,,45702,1909,7700,769,Florida,Duval County,830165,3778,664346,4998,165584,4532,113622,4035,22870,1841,29092,2096,235,154,206,148
011,001,012,057,District of Columbia,District of Columbia,580260,623,470630,3352,101930,3074,56228,2453,,,45702,1909,7700,769,Florida,Hillsborough County,1147449,4261,918416,5632,227932,6068,152269,4424,39586,2428,36077,2132,1101,396,139,119
011,001,012,061,District of Columbia,District of Columbia,580260,623,470630,3352,101930,3074,56228,2453,,,45702,1909,7700,769,Florida,Indian River County,128504,1695,109091,1351,19413,1616,11639,1109,3800,921,3974,787,,,54,66
011,001,012,071,District of Columbia,District of Columbia,580260,623,470630,3352,101930,3074,56228,2453,,,45702,1909,7700,769,Florida,Lee County,550928,3617,464022,3948,86761,3476,59111,2646,11984,1222,15666,1291,145,108,92,93
011,001,012,073,District of Columbia,District of Columbia,580260,623,470630,3352,101930,3074,56228,2453,,,45702,1909,7700,769,Florida,Leon County,250625,2159,184918,2677,65669,2682,46581,2285,11022,884,8066,844,38,62,58,53
011,001,012,083,District of Columbia,District of Columbia,580260,623,470630,3352,101930,3074,56228,2453,,,45702,1909,7700,769,Florida,Marion County,306334,2259,261444,2650,44884,2697,29583,2060,7950,1061,7351,1022,6,10,19,33
011,001,012,086,District of Columbia,District of Columbia,580260,623,470630,3352,101930,3074,56228,2453,,,45702,1909,7700,769,Florida,Miami-Dade County,2432452,6426,2064866,7611,366130,8522,261685,6790,58861,3706,45584,2611,1456,360,397,173
011,001,012,087,District of Columbia,District of Columbia,580260,623,470630,3352,101930,3074,56228,2453,,,45702,1909,7700,769,Florida,Monroe County,75107,1436,62066,1156,13041,1347,5689,823,3243,745,4109,821,,,37,43
011,001,012,095,District of Columbia,District of Columbia,580260,623,470630,3352,101930,3074,56228,2453,,,45702,1909,7700,769,Florida,Orange County,1048784,6112,820789,6357,225287,6074,137228,4701,51297,2986,36762,2247,2708,527,86,86
011,001,012,099,District of Columbia,District of Columbia,580260,623,470630,3352,101930,3074,56228,2453,,,45702,1909,7700,769,Florida,Palm Beach County,1241542,4091,1059021,5131,182256,4649,120456,4708,31820,1931,29980,1811,265,173,140,74
011,001,012,103,District of Columbia,District of Columbia,580260,623,470630,3352,101930,3074,56228,2453,,,45702,1909,7700,769,Florida,Pinellas County,901831,2832,762103,4594,139649,4203,93558,3697,24601,1764,21490,1280,79,74,19,23
011,001,012,105,District of Columbia,District of Columbia,580260,623,470630,3352,101930,3074,56228,2453,,,45702,1909,7700,769,Florida,Polk County,545938,3751,448799,3842,97037,3889,67077,3129,16123,1608,13837,1261,102,59,39,41
011,001,012,109,District of Columbia,District of Columbia,580260,623,470630,3352,101930,3074,56228,2453,,,45702,1909,7700,769,Florida,St. Johns County,167539,2182,143123,2125,24416,1613,12959,1262,6710,1073,4747,802,,,23,35
011,001,012,115,District of Columbia,District of Columbia,580260,623,470630,3352,101930,3074,56228,2453,,,45702,1909,7700,769,Florida,Sarasota County,359315,2857,306554,2423,52725,2717,30746,1967,11797,1358,10182,1034,36,42,87,69
011,001,012,117,District of Columbia,District of Columbia,580260,623,470630,3352,101930,3074,56228,2453,,,45702,1909,7700,769,Florida,Seminole County,400294,2863,338265,2476,61735,2837,29565,1980,21080,1850,11090,1101,294,186,117,110
011,001,013,051,District of Columbia,District of Columbia,580260,623,470630,3352,101930,3074,56228,2453,,,45702,1909,7700,769,Georgia,Chatham County,247426,2163,205996,2207,41353,2311,21293,1637,8714,943,11346,1323,77,68,41,50
011,001,013,059,District of Columbia,District of Columbia,580260,623,470630,3352,101930,3074,56228,2453,,,45702,1909,7700,769,Georgia,Clarke County,111812,1742,79646,1702,32166,2164,17102,1329,11158,1242,3906,703,,,47,43
011,001,013,063,District of Columbia,District of Columbia,580260,623,470630,3352,101930,3074,56228,2453,,,45702,1909,7700,769,Georgia,Clayton County,261021,3074,209475,2926,51546,2907,26273,1995,20522,2158,4751,786,,,22,34
011,001,013,067,District of Columbia,District of Columbia,580260,623,470630,3352,101930,3074,56228,2453,,,45702,1909,7700,769,Georgia,Cobb County,663583,4529,552182,4246,111329,4720,59695,3205,32655,2658,18979,1462,72,57,95,79
011,001,013,073,District of Columbia,District of Columbia,580260,623,470630,3352,101930,3074,56228,2453,,,45702,1909,7700,769,Georgia,Columbia County,105494,1497,90986,1444,14493,1575,6421,999,3991,866,4081,796,15,24,74,88
011,001,013,089,District of Columbia,District of Columbia,580260,623,470630,3352,101930,3074,56228,2453,,,45702,1909,7700,769,Georgia,DeKalb County,703868,5345,563434,5275,140434,5103,76911,3872,43585,2954,19938,1570,,,92,81
011,001,013,121,District of Columbia,District of Columbia,580260,623,470630,3352,101930,3074,56228,2453,,,45702,1909,7700,769,Georgia,Fulton County,979207,6790,764369,5679,214633,5967,108571,3949,64379,3302,41683,2288,205,133,223,118
011,001,013,135,District of Columbia,District of Columbia,580260,623,470630,3352,101930,3074,56228,2453,,,45702,1909,7700,769,Georgia,Gwinnett County,741994,4070,620709,4696,121089,4457,68832,3363,34360,2175,17897,1752,196,257,9,14
011,001,013,153,District of Columbia,District of Columbia,580260,623,470630,3352,101930,3074,56228,2453,,,45702,1909,7700,769,Georgia,Houston County,126466,1606,101364,1676,25085,2124,16264,1774,4907,860,3914,588,17,27,57,68
011,001,013,163,District of Columbia,District of Columbia,580260,623,470630,3352,101930,3074,56228,2453,,,45702,1909,7700,769,Georgia,Jefferson County,16546,362,14618,421,1928,465,1050,344,728,335,150,109,,,5,9
011,001,013,245,District of Columbia,District of Columbia,580260,623,470630,3352,101930,3074,56228,2453,,,45702,1909,7700,769,Georgia,Richmond County,192491,2557,149588,2361,42848,2741,23656,1876,8144,1051,11048,1515,55,67,7,13
011,001,013,299,District of Columbia,District of Columbia,580260,623,470630,3352,101930,3074,56228,2453,,,45702,1909,7700,769,Georgia,Ware County,35742,964,29699,902,6043,932,2874,590,2617,746,552,223,,,12,21
011,001,015,003,District of Columbia,District of Columbia,580260,623,470630,3352,101930,3074,56228,2453,,,45702,1909,7700,769,Hawaii,Honolulu County,879302,4107,743297,3928,135990,4191,84034,2827,3145,581,48811,2703,15,25,150,110
011,001,016,001,District of Columbia,District of Columbia,580260,623,470630,3352,101930,3074,56228,2453,,,45702,1909,7700,769,Idaho,Ada County,355622,2780,281642,3030,73914,3077,49573,2523,10386,1337,13955,1355,66,83,7,13
011,001,016,019,District of Columbia,District of Columbia,580260,623,470630,3352,101930,3074,56228,2453,,,45702,1909,7700,769,Idaho,Bonneville County,92542,1192,76774,1298,15768,1198,10033,950,3023,640,2712,553,,,17,26
011,001,016,057,District of Columbia,District of Columbia,580260,623,470630,3352,101930,3074,56228,2453,,,45702,1909,7700,769,Idaho,Latah County,35153,1215,23492,939,11661,1259,6804,940,1312,306,3545,622,,,25,31
011,001,017,019,District of Columbia,District of Columbia,580260,623,470630,3352,101930,3074,56228,2453,,,45702,1909,7700,769,Illinois,Champaign County,181267,2057,135121,2087,46131,2166,31028,1936,8060,914,7043,847,15,25,73,91
011,001,017,031,District of Columbia,District of Columbia,580260,623,470630,3352,101930,3074,56228,2453,,,45702,1909,7700,769,Illinois,Cook County,5236008,8026,4424233,10635,810967,11783,575364,10651,101344,4126,134259,4548,808,265,1093,253
011,001,017,043,District of Columbia,District of Columbia,580260,623,470630,3352,101930,3074,56228,2453,,,45702,1909,7700,769,Illinois,DuPage County,914022,3784,800776,3862,113246,4283,57203,3225,35837,2070,20206,1528,,,61,67
011,001,017,077,District of Columbia,District of Columbia,580260,623,470630,3352,101930,3074,56228,2453,,,45702,1909,7700,769,Illinois,Jackson County,52700,1108,40764,1048,11936,1029,6995,743,3081,498,1860,395,,,7,11
011,001,017,089,District of Columbia,District of Columbia,580260,623,470630,3352,101930,3074,56228,2453,,,45702,1909,7700,769,Illinois,Kane County,480316,3240,420354,3508,59954,3355,33803,2718,16977,1516,9174,1082,8,13,54,45
011,001,017,097,District of Columbia,District of Columbia,580260,623,470630,3352,101930,3074,56228,2453,,,45702,1909,7700,769,Illinois,Lake County,694511,3095,604147,3235,90364,3733,48114,2401,16643,1284,25607,1949,,,15,25
011,001,017,113,District of Columbia,District of Columbia,580260,623,470630,3352,101930,3074,56228,2453,,,45702,1909,7700,769,Illinois,McLean County,155383,1576,124843,1614,30540,1745,20419,1383,6185,735,3936,711,,,13,20
011,001,017,115,District of Columbia,District of Columbia,580260,623,470630,3352,101930,3074,56228,2453,,,45702,1909,7700,769,Illinois,Macon County,107787,1167,88381,1218,19406,1251,13618,995,3477,584,2311,442,,,33,52
011,001,017,121,District of Columbia,District of Columbia,580260,623,470630,3352,101930,3074,56228,2453,,,45702,1909,7700,769,Illinois,Marion County,40316,746,33587,643,6729,838,3636,515,2001,444,1092,438,,,18,29
011,001,017,163,District of Columbia,District of Columbia,580260,623,470630,3352,101930,3074,56228,2453,,,45702,1909,7700,769,Illinois,St. Clair County,258505,2060,217161,2245,41344,2034,24891,1818,7406,822,9047,1140,,,26,45
011,001,017,197,District of Columbia,District of Columbia,580260,623,470630,3352,101930,3074,56228,2453,,,45702,1909,7700,769,Illinois,Will County,651928,3289,578499,3536,73429,3064,38073,2447,24224,1567,11132,1268,,,31,31
011,001,018,039,District of Columbia,District of Columbia,580260,623,470630,3352,101930,3074,56228,2453,,,45702,1909,7700,769,Indiana,Elkhart County,195103,1577,162203,2188,32900,2341,23245,2192,5120,685,4535,713,,,23,28
011,001,018,057,District of Columbia,District of Columbia,580260,623,470630,3352,101930,3074,56228,2453,,,45702,1909,7700,769,Indiana,Hamilton County,251472,1992,218550,2288,32922,2131,16412,1465,9526,940,6984,866,,,38,38
011,001,018,097,District of Columbia,District of Columbia,580260,623,470630,3352,101930,3074,56228,2453,,,45702,1909,7700,769,Indiana,Marion County,867492,3607,684908,4421,182584,4661,125949,3877,34789,2097,21846,1686,,,47,50
011,001,018,105,District of Columbia,District of Columbia,580260,623,470630,3352,101930,3074,56228,2453,,,45702,1909,7700,769,Indiana,Monroe County,117334,1840,85202,1624,32132,1729,21168,1424,4794,648,6170,712,,,60,49
011,001,018,167,District of Columbia,District of Columbia,580260,623,470630,3352,101930,3074,56228,2453,,,45702,1909,7700,769,Indiana,Vigo County,104778,1218,85940,1129,18838,1361,11140,925,3545,505,4153,726,,,24,28
011,001,019,013,District of Columbia,District of Columbia,580260,623,470630,3352,101930,3074,56228,2453,,,45702,1909,7700,769,Iowa,Black Hawk County,121808,1402,98133,1536,23675,1447,16676,1131,4428,615,2571,500,,,21,34
011,001,019,103,District of Columbia,District of Columbia,580260,623,470630,3352,101930,3074,56228,2453,,,45702,1909,7700,769,Iowa,Johnson County,118706,1569,88252,1568,30454,1767,19619,1376,4762,527,6073,754,,,52,42
011,001,020,045,District of Columbia,District of Columbia,580260,623,470630,3352,101930,3074,56228,2453,,,45702,1909,7700,769,Kansas,Douglas County,108922,1474,78507,1208,30415,1521,19831,1164,5540,656,5044,793,,,79,60
011,001,020,091,District of Columbia,District of Columbia,580260,623,470630,3352,101930,3074,56228,2453,,,45702,1909,7700,769,Kansas,Johnson County,513908,2686,431630,2673,82232,2994,48115,2120,11769,1177,22348,1473,46,74,75,48
011,001,020,169,District of Columbia,District of Columbia,580260,623,470630,3352,101930,3074,56228,2453,,,45702,1909,7700,769,Kansas,Saline County,53671,885,43435,911,10236,989,6491,794,2342,415,1403,441,,,5,8
011,001,020,177,District of Columbia,District of Columbia,580260,623,470630,3352,101930,3074,56228,2453,,,45702,1909,7700,769,Kansas,Shawnee County,170253,1637,139400,2052,30853,1923,21575,1602,5625,722,3653,641,,,5,9
011,001,021,067,District of Columbia,District of Columbia,580260,623,470630,3352,101930,3074,56228,2453,,,45702,1909,7700,769,Kentucky,Fayette County,276901,2680,210071,2702,66830,3554,44926,2529,12663,1292,9241,1123,,,22,23
011,001,021,093,District of Columbia,District of Columbia,580260,623,470630,3352,101930,3074,56228,2453,,,45702,1909,7700,769,Kentucky,Hardin County,94517,1904,76902,1547,17615,1421,8571,1077,3342,566,5702,751,,,31,50
011,001,021,111,District of Columbia,District of Columbia,580260,623,470630,3352,101930,3074,56228,2453,,,45702,1909,7700,769,Kentucky,Jefferson County,692820,2579,589027,4022,103775,3650,75261,3280,12998,1310,15516,1126,18,29,32,30
011,001,021,151,District of Columbia,District of Columbia,580260,623,470630,3352,101930,3074,56228,2453,,,45702,1909,7700,769,Kentucky,Madison County,77620,1409,60277,1578,17343,1651,11332,1418,4337,853,1674,469,,,100,131
011,001,021,153,District of Columbia,District of Columbia,580260,623,470630,3352,101930,3074,56228,2453,,,45702,1909,7700,769,Kentucky,Magoffin County,13098,431,11815,427,1283,382,701,280,349,225,233,149,,,18,29
011,001,022,071,District of Columbia,District of Columbia,580260,623,470630,3352,101930,3074,56228,2453,,,45702,1909,7700,769,Louisiana,Orleans Parish,367376,5045,245553,3633,121791,4648,41480,3166,30646,2490,49665,2730,32,36,162,111
011,001,023,001,District of Columbia,District of Columbia,580260,623,470630,3352,101930,3074,56228,2453,,,45702,1909,7700,769,Maine,Androscoggin County,103216,1127,84948,1503,18268,1434,13059,1346,3317,646,1892,343,,,10,17
011,001,023,005,District of Columbia,District of Columbia,580260,623,470630,3352,101930,3074,56228,2453,,,45702,1909,7700,769,Maine,Cumberland County,272884,2318,227986,2436,44898,2718,25892,1887,8438,997,10568,1169,,,47,53
011,001,023,007,District of Columbia,District of Columbia,580260,623,470630,3352,101930,3074,56228,2453,,,45702,1909,7700,769,Maine,Franklin County,29154,695,25610,645,3544,605,1586,384,1185,354,773,223,,,21,33
011,001,023,013,District of Columbia,District of Columbia,580260,623,470630,3352,101930,3074,56228,2453,,,45702,1909,7700,769,Maine,Knox County,40124,678,35219,712,4905,725,3126,542,1193,318,586,246,,,7,10
011,001,023,023,District of Columbia,District of Columbia,580260,623,470630,3352,101930,3074,56228,2453,,,45702,1909,7700,769,Maine,Sagadahoc County,37037,818,30886,738,6151,791,2382,468,2197,479,1572,469,,,11,19
011,001,023,027,District of Columbia,District of Columbia,580260,623,470630,3352,101930,3074,56228,2453,,,45702,1909,7700,769,Maine,Waldo County,37677,524,33061,549,4616,579,2530,435,1425,330,661,225,,,20,26
011,001,024,001,District of Columbia,District of Columbia,580260,623,470630,3352,101930,3074,56228,2453,,,45702,1909,7700,769,Maryland,Allegany County,69779,1015,60140,1131,9639,988,6059,745,1644,391,1936,422,,,62,69
011,001,024,003,District of Columbia,District of Columbia,580260,623,470630,3352,101930,3074,56228,2453,,,45702,1909,7700,769,Maryland,Anne Arundel County,497627,2980,433574,2948,63995,2771,31936,1885,15581,1304,16478,1364,58,85,539,222
011,001,024,005,District of Columbia,District of Columbia,580260,623,470630,3352,101930,3074,56228,2453,,,45702,1909,7700,769,Maryland,Baltimore County,757241,4020,666730,3877,90500,3702,49832,2889,24020,1688,16648,1481,11,18,225,120
011,001,024,009,District of Columbia,District of Columbia,580260,623,470630,3352,101930,3074,56228,2453,,,45702,1909,7700,769,Maryland,Calvert County,87266,1225,79006,1060,8260,888,3093,590,2248,551,2919,596,,,77,54
011,001,024,019,District of Columbia,District of Columbia,580260,623,470630,3352,101930,3074,56228,2453,,,45702,1909,7700,769,Maryland,Dorchester County,31476,583,26987,542,4489,678,2766,504,1169,385,554,216,,,11,19
011,001,024,021,District of Columbia,District of Columbia,580260,623,470630,3352,101930,3074,56228,2453,,,45702,1909,7700,769,Maryland,Frederick County,217950,1564,191078,2053,26872,2006,14842,1600,4372,686,7658,913,,,161,88
011,001,024,025,District of Columbia,District of Columbia,580260,623,470630,3352,101930,3074,56228,2453,,,45702,1909,7700,769,Maryland,Harford County,239340,1658,210371,1821,28969,1715,15186,1452,6431,1045,7352,934,,,62,53
011,001,024,027,District of Columbia,District of Columbia,580260,623,470630,3352,101930,3074,56228,2453,,,45702,1909,7700,769,Maryland,Howard County,269476,2263,234336,2296,35140,1906,13289,1514,11426,1006,10425,1012,,,255,118
011,001,024,029,District of Columbia,District of Columbia,580260,623,470630,3352,101930,3074,56228,2453,,,45702,1909,7700,769,Maryland,Kent County,19520,530,17168,477,2352,520,919,288,741,341,692,292,,,26,48
011,001,024,031,District of Columbia,District of Columbia,580260,623,470630,3352,101930,3074,56228,2453,,,45702,1909,7700,769,Maryland,Montgomery County,926088,3739,794535,4206,131484,4222,69711,3287,21505,1597,40268,2605,69,57,3767,528
011,001,024,033,District of Columbia,District of Columbia,580260,623,470630,3352,101930,3074,56228,2453,,,45702,1909,7700,769,Maryland,Prince George's County,821299,4311,689770,4769,131377,4607,75163,3506,27399,1840,28815,2140,152,185,6358,892
011,001,024,037,District of Columbia,District of Columbia,580260,623,470630,3352,101930,3074,56228,2453,,,45702,1909,7700,769,Maryland,St. Mary's County,95793,1606,82316,1362,13463,1358,6916,845,2162,538,4385,816,14,22,77,72
011,001,024,041,District of Columbia,District of Columbia,580260,623,470630,3352,101930,3074,56228,2453,,,45702,1909,7700,769,Maryland,Talbot County,35490,784,30997,748,4493,695,2525,455,1241,371,727,250,,,9,13
011,001,024,043,District of Columbia,District of Columbia,580260,623,470630,3352,101930,3074,56228,2453,,,45702,1909,7700,769,Maryland,Washington County,141108,1519,122069,1783,19039,1825,11185,1431,3254,706,4600,807,,,37,60
011,001,024,510,District of Columbia,District of Columbia,580260,623,470630,3352,101930,3074,56228,2453,,,45702,1909,7700,769,Maryland,Baltimore city,646902,3692,520203,3841,126699,4789,69833,3410,37437,2572,19429,1614,,,582,247
011,001,025,001,District of Columbia,District of Columbia,580260,623,470630,3352,101930,3074,56228,2453,,,45702,1909,7700,769,Massachusetts,Barnstable County,223421,1645,200586,1482,22835,1966,11100,1280,5170,792,6565,945,,,49,42
011,001,025,003,District of Columbia,District of Columbia,580260,623,470630,3352,101930,3074,56228,2453,,,45702,1909,7700,769,Massachusetts,Berkshire County,129827,1078,114266,1271,15561,1437,9673,1159,1550,396,4338,827,,,25,39
011,001,025,005,District of Columbia,District of Columbia,580260,623,470630,3352,101930,3074,56228,2453,,,45702,1909,7700,769,Massachusetts,Bristol County,534330,2835,471897,2722,62362,2395,42663,1921,10400,1084,9299,854,71,68,36,41
011,001,025,007,District of Columbia,District of Columbia,580260,623,470630,3352,101930,3074,56228,2453,,,45702,1909,7700,769,Massachusetts,Dukes County,16110,480,14332,400,1778,466,568,215,515,207,695,275,,,10,16
011,001,025,009,District of Columbia,District of Columbia,580260,623,470630,3352,101930,3074,56228,2453,,,45702,1909,7700,769,Massachusetts,Essex County,729543,2616,638908,3714,90477,3872,58523,3233,14396,1521,17558,1498,158,131,63,58
011,001,025,013,District of Columbia,District of Columbia,580260,623,470630,3352,101930,3074,56228,2453,,,45702,1909,7700,769,Massachusetts,Hampden County,461285,2403,398258,2792,62407,2685,44868,2450,8064,968,9475,934,620,265,25,29
011,001,025,015,District of Columbia,District of Columbia,580260,623,470630,3352,101930,3074,56228,2453,,,45702,1909,7700,769,Massachusetts,Hampshire County,146844,1432,126231,1689,20572,1397,10518,1200,6047,706,4007,524,41,53,23,24
011,001,025,017,District of Columbia,District of Columbia,580260,623,470630,3352,101930,3074,56228,2453,,,45702,1909,7700,769,Massachusetts,Middlesex County,1448678,4314,1250323,5351,198308,5868,113632,4796,40775,2076,43901,2053,47,43,771,195
011,001,025,019,District of Columbia,District of Columbia,580260,623,470630,3352,101930,3074,56228,2453,,,45702,1909,7700,769,Massachusetts,Nantucket County,11034,370,9620,402,1414,461,596,374,261,112,557,256,,,10,18
011,001,025,021,District of Columbia,District of Columbia,580260,623,470630,3352,101930,3074,56228,2453,,,45702,1909,7700,769,Massachusetts,Norfolk County,650451,3181,572115,2794,78308,3520,35092,2040,27239,1682,15977,1550,28,45,84,50
011,001,025,023,District of Columbia,District of Columbia,580260,623,470630,3352,101930,3074,56228,2453,,,45702,1909,7700,769,Massachusetts,Plymouth County,488759,2125,436787,2444,51879,2663,28096,2040,16133,1468,7650,777,93,111,41,49
011,001,025,025,District of Columbia,District of Columbia,580260,623,470630,3352,101930,3074,56228,2453,,,45702,1909,7700,769,Massachusetts,Suffolk County,714122,4598,559410,4973,153654,5338,87295,4179,36873,2273,29486,1806,1058,298,341,155
011,001,025,027,District of Columbia,District of Columbia,580260,623,470630,3352,101930,3074,56228,2453,,,45702,1909,7700,769,Massachusetts,Worcester County,782255,3684,692729,4217,89251,3014,60930,2719,12727,1070,15594,1255,275,214,52,59
011,001,026,021,District of Columbia,District of Columbia,580260,623,470630,3352,101930,3074,56228,2453,,,45702,1909,7700,769,Michigan,Berrien County,162256,1533,135877,1392,26363,1820,15843,1286,4033,550,6487,1275,16,27,18,31
011,001,026,025,District of Columbia,District of Columbia,580260,623,470630,3352,101930,3074,56228,2453,,,45702,1909,7700,769,Michigan,Calhoun County,135374,1241,112728,1604,22646,1633,15634,1300,4619,601,2393,590,,,21,34
011,001,026,065,District of Columbia,District of Columbia,580260,623,470630,3352,101930,3074,56228,2453,,,45702,1909,7700,769,Michigan,Ingham County,271174,2109,214012,2195,57162,2475,32890,1784,15613,1137,8659,997,,,23,29
011,001,026,077,District of Columbia,District of Columbia,580260,623,470630,3352,101930,3074,56228,2453,,,45702,1909,7700,769,Michigan,Kalamazoo County,237253,1686,186219,2284,51034,2307,36893,2001,8118,789,6023,908,,,17,20
011,001,026,081,District of Columbia,District of Columbia,580260,623,470630,3352,101930,3074,56228,2453,,,45702,1909,7700,769,Michigan,Kent County,591852,3033,493880,3051,97972,3753,66857,2819,19154,1508,11961,1757,,,66,101
011,001,026,125,District of Columbia,District of Columbia,580260,623,470630,3352,101930,3074,56228,2453,,,45702,1909,7700,769,Michigan,Oakland County,1191211,3785,1030982,4435,160148,4445,92068,3577,40782,2099,27298,2118,81,89,96,74
011,001,026,147,District of Columbia,District of Columbia,580260,623,470630,3352,101930,3074,56228,2453,,,45702,1909,7700,769,Michigan,St. Clair County,167837,1057,145607,1875,22230,1976,15668,1714,4760,596,1802,452,,,5,9
011,001,026,161,District of Columbia,District of Columbia,580260,623,470630,3352,101930,3074,56228,2453,,,45702,1909,7700,769,Michigan,Washtenaw County,331494,2818,258849,2707,72623,2827,43816,2313,13211,1044,15596,1350,22,34,79,59
011,001,026,163,District of Columbia,District of Columbia,580260,623,470630,3352,101930,3074,56228,2453,,,45702,1909,7700,769,Michigan,Wayne County,1989373,5342,1668821,6613,320508,7231,226903,6010,56082,3074,37523,2518,44,60,205,149
011,001,027,037,District of Columbia,District of Columbia,580260,623,470630,3352,101930,3074,56228,2453,,,45702,1909,7700,769,Minnesota,Dakota County,385917,2187,334563,2623,51338,2727,24404,1996,18162,1363,8772,971,16,25,14,24
011,001,027,053,District of Columbia,District of Columbia,580260,623,470630,3352,101930,3074,56228,2453,,,45702,1909,7700,769,Minnesota,Hennepin County,1120707,4278,917935,4466,202772,5257,125553,3935,43398,2398,33821,2013,,,99,80
011,001,027,109,District of Columbia,District of Columbia,580260,623,470630,3352,101930,3074,56228,2453,,,45702,1909,7700,769,Minnesota,Olmsted County,137965,1021,119010,1139,18955,1129,10456,859,4462,579,4037,594,,,33,37
011,001,027,123,District of Columbia,District of Columbia,580260,623,470630,3352,101930,3074,56228,2453,,,45702,1909,7700,769,Minnesota,Ramsey County,490211,3132,406501,2949,83710,3225,45579,2257,26605,1652,11526,1125,,,37,38
011,001,027,131,District of Columbia,District of Columbia,580260,623,470630,3352,101930,3074,56228,2453,,,45702,1909,7700,769,Minnesota,Rice County,59419,1021,49918,1040,9501,995,4646,737,3179,529,1676,386,,,39,36
011,001,027,163,District of Columbia,District of Columbia,580260,623,470630,3352,101930,3074,56228,2453,,,45702,1909,7700,769,Minnesota,Washington County,223926,1571,199724,1331,24202,1530,8585,939,10117,1120,5500,745,,,29,34
011,001,027,167,District of Columbia,District of Columbia,580260,623,470630,3352,101930,3074,56228,2453,,,45702,1909,7700,769,Minnesota,Wilkin County,6690,355,5582,158,1108,330,310,118,303,199,495,252,,,18,30
011,001,028,047,District of Columbia,District of Columbia,580260,623,470630,3352,101930,3074,56228,2453,,,45702,1909,7700,769,Mississippi,Harrison County,181094,3056,137897,2650,43197,2278,22383,1848,6814,1103,14000,1567,,,7,12
011,001,028,049,District of Columbia,District of Columbia,580260,623,470630,3352,101930,3074,56228,2453,,,45702,1909,7700,769,Mississippi,Hinds County,247939,2373,196467,2593,51472,2723,33452,2163,9847,1239,8173,1125,,,22,26
011,001,028,071,District of Columbia,District of Columbia,580260,623,470630,3352,101930,3074,56228,2453,,,45702,1909,7700,769,Mississippi,Lafayette County,39796,1149,29681,1157,10115,1010,6289,798,2042,461,1784,389,,,22,37
011,001,028,099,District of Columbia,District of Columbia,580260,623,470630,3352,101930,3074,56228,2453,,,45702,1909,7700,769,Mississippi,Neshoba County,29350,531,25785,705,3565,727,2017,649,862,251,686,293,,,53,66
011,001,029,037,District of Columbia,District of Columbia,580260,623,470630,3352,101930,3074,56228,2453,,,45702,1909,7700,769,Missouri,Cass County,94794,1188,80897,1150,13897,1306,7604,1091,4140,718,2153,534,,,11,18
011,001,029,095,District of Columbia,District of Columbia,580260,623,470630,3352,101930,3074,56228,2453,,,45702,1909,7700,769,Missouri,Jackson County,683831,3091,557930,3713,125901,4222,83937,3513,17860,1107,24104,1739,,,30,35
011,001,029,189,District of Columbia,District of Columbia,580260,623,470630,3352,101930,3074,56228,2453,,,45702,1909,7700,769,Missouri,St. Louis County,973544,3847,846520,4462,127024,4480,72736,3313,34055,1988,20233,1439,,,85,68
011,001,029,510,District of Columbia,District of Columbia,580260,623,470630,3352,101930,3074,56228,2453,,,45702,1909,7700,769,Missouri,St. Louis city,368325,3794,276879,3161,91432,3697,43230,2488,33205,2138,14997,1596,14,23,102,107
011,001,030,013,District of Columbia,District of Columbia,580260,623,470630,3352,101930,3074,56228,2453,,,45702,1909,7700,769,Montana,Cascade County,79774,1048,65774,1144,14000,1057,8848,862,2048,378,3104,569,,,81,103
011,001,030,031,District of Columbia,District of Columbia,580260,623,470630,3352,101930,3074,56228,2453,,,45702,1909,7700,769,Montana,Gallatin County,81624,1421,60997,1437,20627,1532,13576,1165,2643,482,4408,624,,,7,10
011,001,030,063,District of Columbia,District of Columbia,580260,623,470630,3352,101930,3074,56228,2453,,,45702,1909,7700,769,Montana,Missoula County,102095,1592,80027,1951,22068,1488,14235,1196,3362,536,4471,563,,,31,31
011,001,030,081,District of Columbia,District of Columbia,580260,623,470630,3352,101930,3074,56228,2453,,,45702,1909,7700,769,Montana,Ravalli County,39419,772,33082,906,6337,909,3833,743,1249,436,1255,274,,,4,6
011,001,031,055,District of Columbia,District of Columbia,580260,623,470630,3352,101930,3074,56228,2453,,,45702,1909,7700,769,Nebraska,Douglas County,489280,2025,395401,2595,93864,2806,63596,2480,13041,1201,17227,1341,15,24,13,21
011,001,031,153,District of Columbia,District of Columbia,580260,623,470630,3352,101930,3074,56228,2453,,,45702,1909,7700,769,Nebraska,Sarpy County,140809,1659,119822,1236,20987,1489,9234,809,6229,831,5524,819,,,45,43
011,001,031,177,District of Columbia,District of Columbia,580260,623,470630,3352,101930,3074,56228,2453,,,45702,1909,7700,769,Nebraska,Washington County,19399,545,16813,526,2586,468,1063,297,853,238,670,295,,,7,11
011,001,032,003,District of Columbia,District of Columbia,580260,623,470630,3352,101930,3074,56228,2453,,,45702,1909,7700,769,Nevada,Clark County,1761415,5178,1390931,7574,370326,7850,283754,6564,6217,953,80355,3057,158,149,32,32
011,001,032,005,District of Columbia,District of Columbia,580260,623,470630,3352,101930,3074,56228,2453,,,45702,1909,7700,769,Nevada,Douglas County,45863,954,38950,804,6913,850,3009,544,1899,516,2005,535,,,8,14
011,001,032,031,District of Columbia,District of Columbia,580260,623,470630,3352,101930,3074,56228,2453,,,45702,1909,7700,769,Nevada,Washoe County,393167,2428,313480,3016,79687,3371,57482,3076,5085,911,17120,1663,,,6,10
011,001,033,009,District of Columbia,District of Columbia,580260,623,470630,3352,101930,3074,56228,2453,,,45702,1909,7700,769,New Hampshire,Grafton County,83214,1112,70752,980,12462,1065,6513,828,1771,352,4178,613,,,40,41
011,001,033,011,District of Columbia,District of Columbia,580260,623,470630,3352,101930,3074,56228,2453,,,45702,1909,7700,769,New Hampshire,Hillsborough County,397525,2727,340580,2886,56925,2958,34804,2374,7821,967,14300,1549,20,30,79,61
011,001,033,015,District of Columbia,District of Columbia,580260,623,470630,3352,101930,3074,56228,2453,,,45702,1909,7700,769,New Hampshire,Rockingham County,297160,1902,263180,1630,33921,2019,14453,1206,7568,913,11900,1310,59,95,40,39
011,001,033,017,District of Columbia,District of Columbia,580260,623,470630,3352,101930,3074,56228,2453,,,45702,1909,7700,769,New Hampshire,Strafford County,116165,1489,98048,1356,18117,1457,11040,1066,3214,719,3863,607,,,5,10
011,001,034,001,District of Columbia,District of Columbia,580260,623,470630,3352,101930,3074,56228,2453,,,45702,1909,7700,769,New Jersey,Atlantic County,264522,2209,231256,2908,33022,1983,20598,1905,5268,776,7156,873,244,257,18,29
011,001,034,003,District of Columbia,District of Columbia,580260,623,470630,3352,101930,3074,56228,2453,,,45702,1909,7700,769,New Jersey,Bergen County,878180,2698,799910,3211,78194,2793,41687,2328,14394,1211,22113,1551,76,73,121,107
011,001,034,005,District of Columbia,District of Columbia,580260,623,470630,3352,101930,3074,56228,2453,,,45702,1909,7700,769,New Jersey,Burlington County,441730,2537,392235,2388,49382,2797,24704,1860,10415,1143,14263,1221,113,93,98,87
011,001,034,007,District of Columbia,District of Columbia,580260,623,470630,3352,101930,3074,56228,2453,,,45702,1909,7700,769,New Jersey,Camden County,513695,2403,452313,2470,60888,2782,35246,1997,14355,1276,11287,1408,494,229,49,42
011,001,034,013,District of Columbia,District of Columbia,580260,623,470630,3352,101930,3074,56228,2453,,,45702,1909,7700,769,New Jersey,Essex County,766562,3421,657212,3910,108968,4255,67717,3316,21651,1445,19600,1925,382,220,92,64
011,001,034,017,District of Columbia,District of Columbia,580260,623,470630,3352,101930,3074,56228,2453,,,45702,1909,7700,769,New Jersey,Hudson County,586835,2586,502394,2978,84188,3212,47187,2646,17204,1484,19797,1493,253,147,58,44
011,001,034,019,District of Columbia,District of Columbia,580260,623,470630,3352,101930,3074,56228,2453,,,45702,1909,7700,769,New Jersey,Hunterdon County,128519,1587,116847,1165,11672,1314,3539,626,3698,701,4435,784,,,16,26
011,001,034,021,District of Columbia,District of Columbia,580260,623,470630,3352,101930,3074,56228,2453,,,45702,1909,7700,769,New Jersey,Mercer County,354134,2464,309809,2456,44218,2072,25537,1807,8605,889,10076,882,107,92,141,76
011,001,034,023,District of Columbia,District of Columbia,580260,623,470630,3352,101930,3074,56228,2453,,,45702,1909,7700,769,New Jersey,Middlesex County,772880,3262,680278,3276,92337,3634,51273,2821,21122,1566,19942,1710,265,142,56,48
011,001,034,025,District of Columbia,District of Columbia,580260,623,470630,3352,101930,3074,56228,2453,,,45702,1909,7700,769,New Jersey,Monmouth County,636655,2487,570066,2803,66581,2994,37834,2285,13255,1277,15492,1339,8,12,64,50
011,001,034,027,District of Columbia,District of Columbia,580260,623,470630,3352,101930,3074,56228,2453,,,45702,1909,7700,769,New Jersey,Morris County,481183,2271,436009,2509,45161,2184,19798,1771,11733,1102,13630,1199,13,16,193,153
011,001,034,029,District of Columbia,District of Columbia,580260,623,470630,3352,101930,3074,56228,2453,,,45702,1909,7700,769,New Jersey,Ocean County,555189,2442,501442,2828,53747,2972,32747,2305,10573,937,10427,1198,,,18,30
011,001,034,035,District of Columbia,District of Columbia,580260,623,470630,3352,101930,3074,56228,2453,,,45702,1909,7700,769,New Jersey,Somerset County,316990,2146,286616,1936,30207,1999,12468,1521,9377,902,8362,890,167,138,66,57
011,001,034,039,District of Columbia,District of Columbia,580260,623,470630,3352,101930,3074,56228,2453,,,45702,1909,7700,769,New Jersey,Union County,520759,2591,461275,2676,59432,2802,31926,2332,16222,1567,11284,1380,52,64,54,42
011,001,034,041,District of Columbia,District of Columbia,580260,623,470630,3352,101930,3074,56228,2453,,,45702,1909,7700,769,New Jersey,Warren County,107326,1273,97096,1184,10230,1061,4644,663,1713,422,3873,609,,,51,55
011,001,035,001,District of Columbia,District of Columbia,580260,623,470630,3352,101930,3074,56228,2453,,,45702,1909,7700,769,New Mexico,Bernalillo County,612170,2940,502137,3939,109975,4145,76033,3664,12846,1411,21096,1883,58,55,47,50
011,001,035,041,District of Columbia,District of Columbia,580260,623,470630,3352,101930,3074,56228,2453,,,45702,1909,7700,769,New Mexico,Roosevelt County,17966,704,14294,565,3672,625,2018,494,639,273,1015,385,,,50,81
011,001,035,049,District of Columbia,District of Columbia,580260,623,470630,3352,101930,3074,56228,2453,,,45702,1909,7700,769,New Mexico,Santa Fe County,139487,1473,117387,2009,22100,1611,13062,1457,4367,643,4671,645,,,24,29
011,001,036,001,District of Columbia,District of Columbia,580260,623,470630,3352,101930,3074,56228,2453,,,45702,1909,7700,769,New York,Albany County,291561,2236,247534,2649,44027,2207,24870,1938,12753,990,6404,697,,,23,22
011,001,036,005,District of Columbia,District of Columbia,580260,623,470630,3352,101930,3074,56228,2453,,,45702,1909,7700,769,New York,Bronx County,1359477,4380,1195162,4701,162760,5004,99106,3908,34544,2122,29110,2096,1555,431,77,68
011,001,036,007,District of Columbia,District of Columbia,580260,623,470630,3352,101930,3074,56228,2453,,,45702,1909,7700,769,New York,Broome County,191541,1390,166327,1403,25113,1307,16156,952,4341,513,4616,701,101,143,5,9
011,001,036,013,District of Columbia,District of Columbia,580260,623,470630,3352,101930,3074,56228,2453,,,45702,1909,7700,769,New York,Chautauqua County,131858,894,114868,1186,16968,1194,11345,1025,2469,419,3154,528,22,35,42,50
011,001,036,027,District of Columbia,District of Columbia,580260,623,470630,3352,101930,3074,56228,2453,,,45702,1909,7700,769,New York,Dutchess County,288525,2105,251052,2091,37473,2314,20355,1671,10065,1181,7053,897,,,134,82
011,001,036,029,District of Columbia,District of Columbia,580260,623,470630,3352,101930,3074,56228,2453,,,45702,1909,7700,769,New York,Erie County,906095,2549,785878,3439,119887,3503,89078,2867,14821,1037,15988,1443,330,222,124,73
011,001,036,031,District of Columbia,District of Columbia,580260,623,470630,3352,101930,3074,56228,2453,,,45702,1909,7700,769,New York,Essex County,36857,703,32168,717,4689,670,1934,541,2012,366,743,258,,,10,16
011,001,036,043,District of Columbia,District of Columbia,580260,623,470630,3352,101930,3074,56228,2453,,,45702,1909,7700,769,New York,Herkimer County,62818,915,54796,801,8022,980,4178,685,2680,405,1164,491,,,41,48
011,001,036,045,District of Columbia,District of Columbia,580260,623,470630,3352,101930,3074,56228,2453,,,45702,1909,7700,769,New York,Jefferson County,113860,1556,91638,1573,22192,1669,11472,1208,3424,431,7296,941,30,50,35,43
011,001,036,047,District of Columbia,District of Columbia,580260,623,470630,3352,101930,3074,56228,2453,,,45702,1909,7700,769,New York,Kings County,2544049,5627,2269307,5310,273424,6396,146802,4948,60165,3155,66457,2999,1318,315,492,179
011,001,036,053,District of Columbia,District of Columbia,580260,623,470630,3352,101930,3074,56228,2453,,,45702,1909,7700,769,New York,Madison County,69487,1007,59462,937,10025,930,4286,628,4350,560,1389,413,,,39,60
011,001,036,055,District of Columbia,District of Columbia,580260,623,470630,3352,101930,3074,56228,2453,,,45702,1909,7700,769,New York,Monroe County,724938,3101,619884,3379,104854,3925,74221,2970,13942,1078,16691,2143,200,159,56,56
011,001,036,059,District of Columbia,District of Columbia,580260,623,470630,3352,101930,3074,56228,2453,,,45702,1909,7700,769,New York,Nassau County,1354814,3563,1240158,4131,114626,4675,60521,3535,27643,1646,26462,1765,30,36,191,97
011,001,036,061,District of Columbia,District of Columbia,580260,623,470630,3352,101930,3074,56228,2453,,,45702,1909,7700,769,New York,New York County,1593537,4939,1354850,5600,236499,5309,114620,3715,55977,2711,65902,2278,2188,451,1535,297
011,001,036,063,District of Columbia,District of Columbia,580260,623,470630,3352,101930,3074,56228,2453,,,45702,1909,7700,769,New York,Niagara County,214360,1219,187850,1526,26510,1642,17230,1414,5417,658,3863,689,,,25,43
011,001,036,067,District of Columbia,District of Columbia,580260,623,470630,3352,101930,3074,56228,2453,,,45702,1909,7700,769,New York,Onondaga County,447534,2124,378093,2093,69297,2600,47722,2031,10483,870,11092,1126,144,130,130,90
011,001,036,075,District of Columbia,District of Columbia,580260,623,470630,3352,101930,3074,56228,2453,,,45702,1909,7700,769,New York,Oswego County,120216,1049,102574,1311,17642,1341,11830,1198,3869,629,1943,408,,,33,52
011,001,036,079,District of Columbia,District of Columbia,580260,623,470630,3352,101930,3074,56228,2453,,,45702,1909,7700,769,New York,Putnam County,98822,1291,89938,1137,8884,946,2749,616,3282,604,2853,472,,,27,33
011,001,036,081,District of Columbia,District of Columbia,580260,623,470630,3352,101930,3074,56228,2453,,,45702,1909,7700,769,New York,Queens County,2258719,4676,2009649,5517,248803,6758,149960,4966,52275,2877,46568,2682,267,144,228,138
011,001,036,085,District of Columbia,District of Columbia,580260,623,470630,3352,101930,3074,56228,2453,,,45702,1909,7700,769,New York,Richmond County,479911,2458,441275,3439,38596,2510,21013,2223,6877,982,10706,1045,40,45,55,47
011,001,036,087,District of Columbia,District of Columbia,580260,623,470630,3352,101930,3074,56228,2453,,,45702,1909,7700,769,New York,Rockland County,295658,1756,270288,1854,25336,1744,13175,1270,6015,902,6146,824,34,36,128,132
011,001,036,091,District of Columbia,District of Columbia,580260,623,470630,3352,101930,3074,56228,2453,,,45702,1909,7700,769,New York,Saratoga County,214719,1511,189136,1752,25583,1673,13208,1380,7790,878,4585,664,,,53,66
011,001,036,093,District of Columbia,District of Columbia,580260,623,470630,3352,101930,3074,56228,2453,,,45702,1909,7700,769,New York,Schenectady County,145872,1354,128973,1396,16899,1254,9650,964,5852,695,1397,288,,,9,24
011,001,036,103,District of Columbia,District of Columbia,580260,623,470630,3352,101930,3074,56228,2453,,,45702,1909,7700,769,New York,Suffolk County,1500235,3623,1368876,6103,131270,5305,82899,4428,16525,1166,31846,2296,89,59,300,135
011,001,036,109,District of Columbia,District of Columbia,580260,623,470630,3352,101930,3074,56228,2453,,,45702,1909,7700,769,New York,Tompkins County,95205,1422,72214,1490,22991,1423,14028,1056,3842,543,5121,734,,,63,42
011,001,036,111,District of Columbia,District of Columbia,580260,623,470630,3352,101930,3074,56228,2453,,,45702,1909,7700,769,New York,Ulster County,177010,1707,154155,1765,22855,1372,13495,1045,5580,648,3780,726,,,16,25
011,001,036,119,District of Columbia,District of Columbia,580260,623,470630,3352,101930,3074,56228,2453,,,45702,1909,7700,769,New York,Westchester County,938349,3603,836843,4627,101333,4090,61873,3731,17728,1364,21732,1637,173,194,113,79
011,001,036,123,District of Columbia,District of Columbia,580260,623,470630,3352,101930,3074,56228,2453,,,45702,1909,7700,769,New York,Yates County,24072,489,21336,463,2736,448,1498,328,867,270,371,175,,,4,9
011,001,037,007,District of Columbia,District of Columbia,580260,623,470630,3352,101930,3074,56228,2453,,,45702,1909,7700,769,North Carolina,Anson County,25174,561,21388,628,3786,768,2197,553,1329,449,260,164,,,14,26
011,001,037,023,District of Columbia,District of Columbia,580260,623,470630,3352,101930,3074,56228,2453,,,45702,1909,7700,769,North Carolina,Burke County,87882,924,76726,1063,11156,1059,6646,909,3343,678,1167,393,,,15,25
011,001,037,033,District of Columbia,District of Columbia,580260,623,470630,3352,101930,3074,56228,2453,,,45702,1909,7700,769,North Carolina,Caswell County,22615,680,20195,537,2420,599,913,329,1133,456,374,155,,,3,7
011,001,037,035,District of Columbia,District of Columbia,580260,623,470630,3352,101930,3074,56228,2453,,,45702,1909,7700,769,North Carolina,Catawba County,151875,1490,131283,1438,20592,1614,12150,1286,5718,794,2724,606,,,21,35
011,001,037,051,District of Columbia,District of Columbia,580260,623,470630,3352,101930,3074,56228,2453,,,45702,1909,7700,769,North Carolina,Cumberland County,296267,3283,223350,2907,72859,3290,39500,2488,12197,1352,21162,1786,58,65,137,83
011,001,037,063,District of Columbia,District of Columbia,580260,623,470630,3352,101930,3074,56228,2453,,,45702,1909,7700,769,North Carolina,Durham County,246369,2172,192867,2824,53502,2848,32240,2594,11881,1045,9381,959,,,54,37
011,001,037,067,District of Columbia,District of Columbia,580260,623,470630,3352,101930,3074,56228,2453,,,45702,1909,7700,769,North Carolina,Forsyth County,340763,2137,287112,2354,53651,2730,34574,2180,11124,1156,7953,986,,,102,135
011,001,037,077,District of Columbia,District of Columbia,580260,623,470630,3352,101930,3074,56228,2453,,,45702,1909,7700,769,North Carolina,Granville County,54253,1295,47273,1128,6980,1373,3098,847,2165,408,1717,814,,,43,73
011,001,037,081,District of Columbia,District of Columbia,580260,623,470630,3352,101930,3074,56228,2453,,,45702,1909,7700,769,North Carolina,Guilford County,452969,3291,377463,3304,75506,3036,47390,2558,16778,1309,11338,1464,,,95,122
011,001,037,091,District of Columbia,District of Columbia,580260,623,470630,3352,101930,3074,56228,2453,,,45702,1909,7700,769,North Carolina,Hertford County,22104,619,18671,505,3433,635,1842,345,1093,449,498,262,,,59,59
011,001,037,097,District of Columbia,District of Columbia,580260,623,470630,3352,101930,3074,56228,2453,,,45702,1909,7700,769,North Carolina,Iredell County,147635,1566,126797,1823,20838,1813,12401,1462,5333,841,3104,565,,,10,18
011,001,037,101,District of Columbia,District of Columbia,580260,623,470630,3352,101930,3074,56228,2453,,,45702,1909,7700,769,North Carolina,Johnston County,153614,1886,135225,1723,18389,1642,9362,1324,6293,861,2734,779,,,39,60
011,001,037,105,District of Columbia,District of Columbia,580260,623,470630,3352,101930,3074,56228,2453,,,45702,1909,7700,769,North Carolina,Lee County,57436,986,50106,1234,7330,1293,3791,904,2460,711,1079,398,,,58,88
011,001,037,119,District of Columbia,District of Columbia,580260,623,470630,3352,101930,3074,56228,2453,,,45702,1909,7700,769,North Carolina,Mecklenburg County,825205,3954,660480,4698,164692,4780,110845,3888,22495,1630,31352,2040,33,30,105,81
011,001,037,127,District of Columbia,District of Columbia,580260,623,470630,3352,101930,3074,56228,2453,,,45702,1909,7700,769,North Carolina,Nash County,92065,1301,78592,1437,13473,1434,6978,1183,4312,744,2183,568,,,181,169
011,001,037,129,District of Columbia,District of Columbia,580260,623,470630,3352,101930,3074,56228,2453,,,45702,1909,7700,769,North Carolina,New Hanover County,180335,2136,144562,2263,35773,2138,22564,1730,8429,969,4780,748,,,44,70
011,001,037,133,District of Columbia,District of Columbia,580260,623,470630,3352,101930,3074,56228,2453,,,45702,1909,7700,769,North Carolina,Onslow County,149460,2648,107098,2146,42362,2609,19711,1734,4599,789,18052,1632,,,81,91
011,001,037,135,District of Columbia,District of Columbia,580260,623,470630,3352,101930,3074,56228,2453,,,45702,1909,7700,769,North Carolina,Orange County,119821,1919,92489,1783,27332,1692,13838,1322,8794,901,4700,754,,,70,54
011,001,037,155,District of Columbia,District of Columbia,580260,623,470630,3352,101930,3074,56228,2453,,,45702,1909,7700,769,North Carolina,Robeson County,125346,1115,107214,1568,18132,1609,12427,1399,3958,736,1747,397,,,11,19
011,001,037,167,District of Columbia,District of Columbia,580260,623,470630,3352,101930,3074,56228,2453,,,45702,1909,7700,769,North Carolina,Stanly County,57957,843,51057,1037,6900,1014,4338,933,2018,437,544,258,,,26,32
011,001,037,179,District of Columbia,District of Columbia,580260,623,470630,3352,101930,3074,56228,2453,,,45702,1909,7700,769,North Carolina,Union County,175008,1731,156006,1827,18981,1679,11329,1400,5082,696,2570,573,21,33,9,16
011,001,037,183,District of Columbia,District of Columbia,580260,623,470630,3352,101930,3074,56228,2453,,,45702,1909,7700,769,North Carolina,Wake County,791817,3764,656112,4789,135692,4323,88880,3619,26002,1793,20810,1441,13,20,106,64
011,001,037,189,District of Columbia,District of Columbia,580260,623,470630,3352,101930,3074,56228,2453,,,45702,1909,7700,769,North Carolina,Watauga County,42220,1022,30696,809,11524,1100,7344,793,2822,530,1358,323,,,67,58
011,001,037,191,District of Columbia,District of Columbia,580260,623,470630,3352,101930,3074,56228,2453,,,45702,1909,7700,769,North Carolina,Wayne County,110041,1230,92333,1471,17708,1475,11273,1208,3730,549,2705,615,,,45,73
011,001,037,195,District of Columbia,District of Columbia,580260,623,470630,3352,101930,3074,56228,2453,,,45702,1909,7700,769,North Carolina,Wilson County,74594,915,63802,1156,10792,1195,7580,1067,2492,455,720,260,,,82,106
011,001,039,009,District of Columbia,District of Columbia,580260,623,470630,3352,101930,3074,56228,2453,,,45702,1909,7700,769,Ohio,Athens County,57423,1267,41315,995,16108,1453,10275,1036,3537,526,2296,658,,,10,17
011,001,039,017,District of Columbia,District of Columbia,580260,623,470630,3352,101930,3074,56228,2453,,,45702,1909,7700,769,Ohio,Butler County,349157,2949,288717,2841,60440,2812,40081,2202,13275,1243,7084,872,,,71,55
011,001,039,025,District of Columbia,District of Columbia,580260,623,470630,3352,101930,3074,56228,2453,,,45702,1909,7700,769,Ohio,Clermont County,189214,1749,164294,2110,24920,1760,13656,1376,7161,892,4103,632,,,35,56
011,001,039,035,District of Columbia,District of Columbia,580260,623,470630,3352,101930,3074,56228,2453,,,45702,1909,7700,769,Ohio,Cuyahoga County,1293569,3648,1086308,5493,206945,5453,149094,4666,32190,1908,25661,1848,316,222,140,79
011,001,039,045,District of Columbia,District of Columbia,580260,623,470630,3352,101930,3074,56228,2453,,,45702,1909,7700,769,Ohio,Fairfield County,135509,1072,117885,1355,17624,1255,11319,1082,5157,612,1148,333,,,14,24
011,001,039,049,District of Columbia,District of Columbia,580260,623,470630,3352,101930,3074,56228,2453,,,45702,1909,7700,769,Ohio,Franklin County,1103684,3475,877399,5385,226272,5447,161390,4800,35775,2057,29107,2076,13,20,131,91
011,001,039,057,District of Columbia,District of Columbia,580260,623,470630,3352,101930,3074,56228,2453,,,45702,1909,7700,769,Ohio,Greene County,152447,1920,128193,1740,24254,1694,11980,1208,7126,752,5148,801,,,24,36
011,001,039,061,District of Columbia,District of Columbia,580260,623,470630,3352,101930,3074,56228,2453,,,45702,1909,7700,769,Ohio,Hamilton County,842761,3521,693940,4492,148821,4529,104939,3980,20918,1545,22964,1584,,,100,64
011,001,039,065,District of Columbia,District of Columbia,580260,623,470630,3352,101930,3074,56228,2453,,,45702,1909,7700,769,Ohio,Hardin County,30894,663,26225,664,4669,536,2552,446,1713,412,404,224,,,31,29
011,001,039,071,District of Columbia,District of Columbia,580260,623,470630,3352,101930,3074,56228,2453,,,45702,1909,7700,769,Ohio,Highland County,41970,859,34480,893,7490,1018,4470,817,2731,662,289,126,,,32,29
011,001,039,089,District of Columbia,District of Columbia,580260,623,470630,3352,101930,3074,56228,2453,,,45702,1909,7700,769,Ohio,Licking County,154155,1457,130110,1654,24045,1385,14962,1264,6661,789,2422,548,,,19,30
011,001,039,133,District of Columbia,District of Columbia,580260,623,470630,3352,101930,3074,56228,2453,,,45702,1909,7700,769,Ohio,Portage County,150285,1254,126603,1330,23682,1542,14624,1235,6304,727,2754,536,,,14,23
011,001,039,153,District of Columbia,District of Columbia,580260,623,470630,3352,101930,3074,56228,2453,,,45702,1909,7700,769,Ohio,Summit County,542631,2314,477397,2477,65234,2697,40966,2133,14479,1060,9789,1174,,,44,45
011,001,039,165,District of Columbia,District of Columbia,580260,623,470630,3352,101930,3074,56228,2453,,,45702,1909,7700,769,Ohio,Warren County,196844,1835,171721,2071,25123,1857,12381,1327,8700,855,4042,611,,,44,72
011,001,039,169,District of Columbia,District of Columbia,580260,623,470630,3352,101930,3074,56228,2453,,,45702,1909,7700,769,Ohio,Wayne County,113226,917,98673,1204,14553,1230,9353,986,3777,488,1423,273,,,10,16
011,001,039,173,District of Columbia,District of Columbia,580260,623,470630,3352,101930,3074,56228,2453,,,45702,1909,7700,769,Ohio,Wood County,119561,1472,97676,1376,21885,1344,12764,1198,6231,749,2890,509,,,8,14
011,001,040,031,District of Columbia,District of Columbia,580260,623,470630,3352,101930,3074,56228,2453,,,45702,1909,7700,769,Oklahoma,Comanche County,106833,1786,78659,1486,28174,1589,15718,1315,3567,555,8889,1339,,,15,24
011,001,040,057,District of Columbia,District of Columbia,580260,623,470630,3352,101930,3074,56228,2453,,,45702,1909,7700,769,Oklahoma,Harmon County,2578,221,2233,194,345,162,190,122,77,58,78,66,,,19,27
011,001,040,083,District of Columbia,District of Columbia,580260,623,470630,3352,101930,3074,56228,2453,,,45702,1909,7700,769,Oklahoma,Logan County,35704,837,30481,798,5223,768,2488,521,2164,492,571,257,,,8,14
011,001,040,109,District of Columbia,District of Columbia,580260,623,470630,3352,101930,3074,56228,2453,,,45702,1909,7700,769,Oklahoma,Oklahoma County,685707,3636,535912,4409,149795,4732,102595,3919,28093,2087,19107,1675,,,36,42
011,001,040,143,District of Columbia,District of Columbia,580260,623,470630,3352,101930,3074,56228,2453,,,45702,1909,7700,769,Oklahoma,Tulsa County,573670,2954,456087,3658,117583,3720,80602,3060,20078,1521,16903,1578,,,29,34
011,001,041,003,District of Columbia,District of Columbia,580260,623,470630,3352,101930,3074,56228,2453,,,45702,1909,7700,769,Oregon,Benton County,76863,1172,58788,1063,18075,1081,10467,877,5415,658,2193,409,,,47,42
011,001,041,029,District of Columbia,District of Columbia,580260,623,470630,3352,101930,3074,56228,2453,,,45702,1909,7700,769,Oregon,Jackson County,192191,1815,153898,2268,38293,2316,27336,1953,4843,725,6114,887,,,42,56
011,001,041,039,District of Columbia,District of Columbia,580260,623,470630,3352,101930,3074,56228,2453,,,45702,1909,7700,769,Oregon,Lane County,331928,2133,262673,2216,69255,2521,50540,2087,9828,1091,8887,1005,,,21,35
011,001,041,051,District of Columbia,District of Columbia,580260,623,470630,3352,101930,3074,56228,2453,,,45702,1909,7700,769,Oregon,Multnomah County,687827,3638,547571,3612,140228,4319,85114,3074,28129,2158,26985,1829,28,44,132,85
011,001,041,067,District of Columbia,District of Columbia,580260,623,470630,3352,101930,3074,56228,2453,,,45702,1909,7700,769,Oregon,Washington County,496305,3588,409475,3193,86830,2976,55085,2444,18226,1612,13519,1295,,,21,26
011,001,041,071,District of Columbia,District of Columbia,580260,623,470630,3352,101930,3074,56228,2453,,,45702,1909,7700,769,Oregon,Yamhill County,90538,1196,74970,1491,15568,1457,10118,1261,3494,521,1956,372,,,37,61
011,001,042,003,District of Columbia,District of Columbia,580260,623,470630,3352,101930,3074,56228,2453,,,45702,1909,7700,769,Pennsylvania,Allegheny County,1206741,3113,1046758,4002,159974,4004,111880,3629,21367,1333,26727,1693,9,15,129,114
011,001,042,011,District of Columbia,District of Columbia,580260,623,470630,3352,101930,3074,56228,2453,,,45702,1909,7700,769,Pennsylvania,Berks County,391178,1977,341025,2791,49905,2174,35144,2082,9775,839,4986,707,248,132,46,62
011,001,042,017,District of Columbia,District of Columbia,580260,623,470630,3352,101930,3074,56228,2453,,,45702,1909,7700,769,Pennsylvania,Bucks County,618943,2168,565835,2673,53108,2512,25745,1852,15259,1221,12104,1077,,,174,154
011,001,042,021,District of Columbia,District of Columbia,580260,623,470630,3352,101930,3074,56228,2453,,,45702,1909,7700,769,Pennsylvania,Cambria County,142756,1125,127394,1170,15362,1297,9696,1022,4100,519,1566,436,,,26,45
011,001,042,029,District of Columbia,District of Columbia,580260,623,470630,3352,101930,3074,56228,2453,,,45702,1909,7700,769,Pennsylvania,Chester County,474987,2368,422834,2555,52091,2236,27650,1770,14384,1290,10057,924,62,80,57,53
011,001,042,035,District of Columbia,District of Columbia,580260,623,470630,3352,101930,3074,56228,2453,,,45702,1909,7700,769,Pennsylvania,Clinton County,35368,541,30916,547,4452,523,2802,444,1118,278,532,228,,,17,28
011,001,042,041,District of Columbia,District of Columbia,580260,623,470630,3352,101930,3074,56228,2453,,,45702,1909,7700,769,Pennsylvania,Cumberland County,219991,2050,190845,1971,29146,2014,16148,1497,8286,882,4712,964,,,17,27
011,001,042,043,District of Columbia,District of Columbia,580260,623,470630,3352,101930,3074,56228,2453,,,45702,1909,7700,769,Pennsylvania,Dauphin County,254730,1575,213667,2041,41006,2093,25220,1694,11438,876,4348,681,57,52,14,23
011,001,042,045,District of Columbia,District of Columbia,580260,623,470630,3352,101930,3074,56228,2453,,,45702,1909,7700,769,Pennsylvania,Delaware County,543795,2654,484905,2815,58846,2276,32895,1939,14726,1216,11225,1090,44,41,198,115
011,001,042,049,District of Columbia,District of Columbia,580260,623,470630,3352,101930,3074,56228,2453,,,45702,1909,7700,769,Pennsylvania,Erie County,276430,1664,229880,2133,46540,2315,34262,1897,6592,717,5686,829,10,16,19,30
011,001,042,069,District of Columbia,District of Columbia,580260,623,470630,3352,101930,3074,56228,2453,,,45702,1909,7700,769,Pennsylvania,Lackawanna County,203694,1269,180659,1631,23035,1475,16303,1237,3768,457,2964,532,,,25,40
011,001,042,071,District of Columbia,District of Columbia,580260,623,470630,3352,101930,3074,56228,2453,,,45702,1909,7700,769,Pennsylvania,Lancaster County,488367,1951,429068,2405,58854,2239,41240,1755,9862,1078,7752,1052,445,220,99,72
011,001,042,075,District of Columbia,District of Columbia,580260,623,470630,3352,101930,3074,56228,2453,,,45702,1909,7700,769,Pennsylvania,Lebanon County,124554,862,109966,1275,14567,1347,9740,1044,3248,492,1579,462,21,34,27,31
011,001,042,077,District of Columbia,District of Columbia,580260,623,470630,3352,101930,3074,56228,2453,,,45702,1909,7700,769,Pennsylvania,Lehigh County,331348,2179,284402,2543,46781,2325,27467,1954,11701,1086,7613,986,165,129,5,9
011,001,042,091,District of Columbia,District of Columbia,580260,623,470630,3352,101930,3074,56228,2453,,,45702,1909,7700,769,Pennsylvania,Montgomery County,762859,3025,677964,3280,84895,2961,43078,2232,24642,1471,17175,1441,,,341,143
011,001,042,095,District of Columbia,District of Columbia,580260,623,470630,3352,101930,3074,56228,2453,,,45702,1909,7700,769,Pennsylvania,Northampton County,287610,2201,248467,2439,39102,2276,22599,2000,10547,932,5956,815,41,48,38,38
011,001,042,101,District of Columbia,District of Columbia,580260,623,470630,3352,101930,3074,56228,2453,,,45702,1909,7700,769,Pennsylvania,Philadelphia County,1516384,4663,1301601,6632,213771,6601,142190,5603,34275,2388,37306,1811,1012,337,667,251
011,001,042,117,District of Columbia,District of Columbia,580260,623,470630,3352,101930,3074,56228,2453,,,45702,1909,7700,769,Pennsylvania,Tioga County,39843,478,35232,543,4611,602,2896,432,897,230,818,237,,,4,7
011,001,042,119,District of Columbia,District of Columbia,580260,623,470630,3352,101930,3074,56228,2453,,,45702,1909,7700,769,Pennsylvania,Union County,41247,981,35915,931,5332,729,2035,521,1822,315,1475,362,,,10,16
011,001,044,003,District of Columbia,District of Columbia,580260,623,470630,3352,101930,3074,56228,2453,,,45702,1909,7700,769,Rhode Island,Kent County,168615,1216,151320,1224,17295,1339,8386,972,4351,606,4558,837,,,17,27
011,001,044,005,District of Columbia,District of Columbia,580260,623,470630,3352,101930,3074,56228,2453,,,45702,1909,7700,769,Rhode Island,Newport County,81160,1174,69765,1051,11387,1119,4740,724,1486,339,5161,848,8,13,27,42
011,001,044,007,District of Columbia,District of Columbia,580260,623,470630,3352,101930,3074,56228,2453,,,45702,1909,7700,769,Rhode Island,Providence County,620614,2572,532841,2982,87533,3188,61169,2666,6216,778,20148,1539,240,246,51,40
011,001,044,009,District of Columbia,District of Columbia,580260,623,470630,3352,101930,3074,56228,2453,,,45702,1909,7700,769,Rhode Island,Washington County,124277,1100,109944,1167,14333,912,8189,889,2195,278,3949,538,,,161,127
011,001,045,013,District of Columbia,District of Columbia,580260,623,470630,3352,101930,3074,56228,2453,,,45702,1909,7700,769,South Carolina,Beaufort County,143414,2167,116624,2142,26790,1968,13502,1492,2632,578,10656,1305,,,5,12
011,001,045,019,District of Columbia,District of Columbia,580260,623,470630,3352,101930,3074,56228,2453,,,45702,1909,7700,769,South Carolina,Charleston County,338161,3012,276573,2919,61588,2647,33485,2021,14230,1403,13873,1298,,,16,18
011,001,045,031,District of Columbia,District of Columbia,580260,623,470630,3352,101930,3074,56228,2453,,,45702,1909,7700,769,South Carolina,Darlington County,65528,725,57878,1163,7650,1061,5256,995,1562,314,832,278,,,41,73
011,001,045,035,District of Columbia,District of Columbia,580260,623,470630,3352,101930,3074,56228,2453,,,45702,1909,7700,769,South Carolina,Dorchester County,119425,1761,101760,1602,17665,1866,7418,1093,5795,940,4452,838,,,12,18
011,001,045,041,District of Columbia,District of Columbia,580260,623,470630,3352,101930,3074,56228,2453,,,45702,1909,7700,769,South Carolina,Florence County,130119,1458,108707,1896,21412,1825,14066,1475,5048,791,2298,654,,,54,59
011,001,045,043,District of Columbia,District of Columbia,580260,623,470630,3352,101930,3074,56228,2453,,,45702,1909,7700,769,South Carolina,Georgetown County,59554,808,53664,1040,5890,907,2832,787,2078,450,980,320,,,13,22
011,001,045,045,District of Columbia,District of Columbia,580260,623,470630,3352,101930,3074,56228,2453,,,45702,1909,7700,769,South Carolina,Greenville County,416656,2554,345724,3000,70899,2831,46995,2130,13089,1181,10815,1069,33,39,27,27
011,001,045,055,District of Columbia,District of Columbia,580260,623,470630,3352,101930,3074,56228,2453,,,45702,1909,7700,769,South Carolina,Kershaw County,57983,850,51361,952,6622,1059,2998,800,2078,490,1546,424,,,48,76
011,001,045,059,District of Columbia,District of Columbia,580260,623,470630,3352,101930,3074,56228,2453,,,45702,1909,7700,769,South Carolina,Laurens County,67393,1176,57664,1216,9729,1296,6763,1056,2483,597,483,176,,,18,30
011,001,045,075,District of Columbia,District of Columbia,580260,623,470630,3352,101930,3074,56228,2453,,,45702,1909,7700,769,South Carolina,Orangeburg County,89874,1218,77574,1284,12300,1334,6794,1030,3578,762,1928,540,,,7,12
011,001,045,077,District of Columbia,District of Columbia,580260,623,470630,3352,101930,3074,56228,2453,,,45702,1909,7700,769,South Carolina,Pickens County,111589,1860,93394,1668,18195,1553,10251,1165,5541,904,2403,483,,,9,14
011,001,045,079,District of Columbia,District of Columbia,580260,623,470630,3352,101930,3074,56228,2453,,,45702,1909,7700,769,South Carolina,Richland County,334341,2972,271897,3188,62444,2697,34383,2025,14727,1369,13334,1327,,,74,67
011,001,045,083,District of Columbia,District of Columbia,580260,623,470630,3352,101930,3074,56228,2453,,,45702,1909,7700,769,South Carolina,Spartanburg County,269083,1794,230811,2354,38272,2147,27066,2073,6021,792,5185,751,,,28,32
011,001,045,089,District of Columbia,District of Columbia,580260,623,470630,3352,101930,3074,56228,2453,,,45702,1909,7700,769,South Carolina,Williamsburg County,34490,389,31890,656,2600,627,1550,538,720,252,330,126,,,7,12
011,001,046,027,District of Columbia,District of Columbia,580260,623,470630,3352,101930,3074,56228,2453,,,45702,1909,7700,769,South Dakota,Clay County,13275,687,8872,423,4403,684,1892,413,1317,369,1194,416,,,11,19
011,001,046,051,District of Columbia,District of Columbia,580260,623,470630,3352,101930,3074,56228,2453,,,45702,1909,7700,769,South Dakota,Grant County,7328,250,6198,327,1130,373,605,287,284,194,241,158,,,15,25
011,001,047,037,District of Columbia,District of Columbia,580260,623,470630,3352,101930,3074,56228,2453,,,45702,1909,7700,769,Tennessee,Davidson County,608596,3442,489440,3726,119140,3909,75422,3242,22919,1580,20799,1348,16,26,32,32
011,001,047,065,District of Columbia,District of Columbia,580260,623,470630,3352,101930,3074,56228,2453,,,45702,1909,7700,769,Tennessee,Hamilton County,322657,2649,271156,3353,51501,2969,35129,2412,4898,790,11474,1208,,,24,32
011,001,047,157,District of Columbia,District of Columbia,580260,623,470630,3352,101930,3074,56228,2453,,,45702,1909,7700,769,Tennessee,Shelby County,905384,3794,729693,5121,175660,4948,134019,4220,10430,1265,31211,2211,31,36,57,57
011,001,047,165,District of Columbia,District of Columbia,580260,623,470630,3352,101930,3074,56228,2453,,,45702,1909,7700,769,Tennessee,Sumner County,145383,1818,122080,1599,23303,1451,14530,1260,5419,974,3354,622,,,21,34
011,001,048,027,District of Columbia,District of Columbia,580260,623,470630,3352,101930,3074,56228,2453,,,45702,1909,7700,769,Texas,Bell County,260531,2801,195202,3127,65289,3043,34774,2426,14509,1314,16006,1555,40,47,37,42
011,001,048,029,District of Columbia,District of Columbia,580260,623,470630,3352,101930,3074,56228,2453,,,45702,1909,7700,769,Texas,Bexar County,1538250,5348,1244353,6667,293584,6947,217835,6566,42317,2521,33432,2410,313,270,140,119
011,001,048,085,District of Columbia,District of Columbia,580260,623,470630,3352,101930,3074,56228,2453,,,45702,1909,7700,769,Texas,Collin County,691343,3899,593620,3875,97653,4104,52611,2847,30604,2155,14438,1483,70,91,24,40
011,001,048,099,District of Columbia,District of Columbia,580260,623,470630,3352,101930,3074,56228,2453,,,45702,1909,7700,769,Texas,Coryell County,68790,2185,52552,1683,16134,1832,5168,939,6749,1320,4217,979,104,96,6,10
011,001,048,113,District of Columbia,District of Columbia,580260,623,470630,3352,101930,3074,56228,2453,,,45702,1909,7700,769,Texas,Dallas County,2350454,6962,1875620,9292,474603,10489,321970,8469,109479,4260,43154,2577,231,163,284,227
011,001,048,121,District of Columbia,District of Columbia,580260,623,470630,3352,101930,3074,56228,2453,,,45702,1909,7700,769,Texas,Denton County,575682,4533,470378,4315,105304,3703,61372,2832,31039,1788,12893,1334,,,50,60
011,001,048,157,District of Columbia,District of Columbia,580260,623,470630,3352,101930,3074,56228,2453,,,45702,1909,7700,769,Texas,Fort Bend County,486913,3895,432190,3677,54723,3493,26533,2299,21770,1940,6420,1002,,,34,55
011,001,048,201,District of Columbia,District of Columbia,580260,623,470630,3352,101930,3074,56228,2453,,,45702,1909,7700,769,Texas,Harris County,3799782,7697,3078709,10666,720853,11441,543415,10395,112535,3939,64903,3114,220,131,318,158
011,001,048,297,District of Columbia,District of Columbia,580260,623,470630,3352,101930,3074,56228,2453,,,45702,1909,7700,769,Texas,Live Oak County,10686,368,8944,473,1742,448,990,414,581,207,171,117,,,18,29
011,001,048,303,District of Columbia,District of Columbia,580260,623,470630,3352,101930,3074,56228,2453,,,45702,1909,7700,769,Texas,Lubbock County,254882,2130,189237,2706,65645,3044,47609,2379,14247,1308,3789,616,,,9,16
011,001,048,309,District of Columbia,District of Columbia,580260,623,470630,3352,101930,3074,56228,2453,,,45702,1909,7700,769,Texas,McLennan County,220946,2014,179247,1910,41659,2228,27553,1653,10619,1128,3487,572,40,58,39,42
011,001,048,329,District of Columbia,District of Columbia,580260,623,470630,3352,101930,3074,56228,2453,,,45702,1909,7700,769,Texas,Midland County,125094,1400,101806,1722,23288,2031,13411,1414,7265,977,2612,595,,,41,38
011,001,048,355,District of Columbia,District of Columbia,580260,623,470630,3352,101930,3074,56228,2453,,,45702,1909,7700,769,Texas,Nueces County,314734,2384,252063,3382,62671,3281,41995,2753,14317,1380,6359,944,,,16,26
011,001,048,363,District of Columbia,District of Columbia,580260,623,470630,3352,101930,3074,56228,2453,,,45702,1909,7700,769,Texas,Palo Pinto County,27548,769,22688,692,4860,698,2370,490,2260,541,230,161,,,12,19
011,001,048,397,District of Columbia,District of Columbia,580260,623,470630,3352,101930,3074,56228,2453,,,45702,1909,7700,769,Texas,Rockwall County,68379,1500,59174,1438,9205,1157,3588,742,4363,722,1254,421,,,9,14
011,001,048,403,District of Columbia,District of Columbia,580260,623,470630,3352,101930,3074,56228,2453,,,45702,1909,7700,769,Texas,Sabine County,10112,354,8797,322,1315,394,753,263,384,273,178,102,,,18,33
011,001,048,439,District of Columbia,District of Columbia,580260,623,470630,3352,101930,3074,56228,2453,,,45702,1909,7700,769,Texas,Tarrant County,1656915,5428,1343857,6241,313044,6751,216163,5630,65844,2994,31037,1950,14,22,23,26
011,001,048,453,District of Columbia,District of Columbia,580260,623,470630,3352,101930,3074,56228,2453,,,45702,1909,7700,769,Texas,Travis County,929282,5343,714059,5013,215214,5682,146427,4409,48852,2870,19935,1454,9,14,130,84
011,001,049,011,District of Columbia,District of Columbia,580260,623,470630,3352,101930,3074,56228,2453,,,45702,1909,7700,769,Utah,Davis County,276716,2960,233292,2243,43424,2568,22490,1866,13141,1340,7793,1325,,,48,57
011,001,049,035,District of Columbia,District of Columbia,580260,623,470630,3352,101930,3074,56228,2453,,,45702,1909,7700,769,Utah,Salt Lake County,974032,4008,798076,4228,175938,5143,124099,4078,23596,1780,28243,2327,18,29,128,147
011,001,049,043,District of Columbia,District of Columbia,580260,623,470630,3352,101930,3074,56228,2453,,,45702,1909,7700,769,Utah,Summit County,35715,828,30875,837,4840,742,1768,494,1792,440,1280,335,,,14,24
011,001,049,049,District of Columbia,District of Columbia,580260,623,470630,3352,101930,3074,56228,2453,,,45702,1909,7700,769,Utah,Utah County,475595,3703,380593,3864,95002,3468,64439,2817,12430,1240,18133,1511,,,59,99
011,001,049,051,District of Columbia,District of Columbia,580260,623,470630,3352,101930,3074,56228,2453,,,45702,1909,7700,769,Utah,Wasatch County,19700,613,16806,681,2894,742,1620,564,798,322,476,236,,,15,22
011,001,050,007,District of Columbia,District of Columbia,580260,623,470630,3352,101930,3074,56228,2453,,,45702,1909,7700,769,Vermont,Chittenden County,148160,1457,121631,1592,26529,1456,16471,1258,2911,350,7147,872,,,22,22
011,001,050,017,District of Columbia,District of Columbia,580260,623,470630,3352,101930,3074,56228,2453,,,45702,1909,7700,769,Vermont,Orange County,29614,511,25964,349,3650,525,1148,250,1750,390,752,211,,,15,23
011,001,050,019,District of Columbia,District of Columbia,580260,623,470630,3352,101930,3074,56228,2453,,,45702,1909,7700,769,Vermont,Orleans County,27338,446,24102,388,3236,494,1799,347,603,191,834,309,,,13,20
011,001,050,025,District of Columbia,District of Columbia,580260,623,470630,3352,101930,3074,56228,2453,,,45702,1909,7700,769,Vermont,Windham County,43618,913,37098,584,6520,1007,3077,527,806,293,2637,731,,,14,21
011,001,051,003,District of Columbia,District of Columbia,580260,623,470630,3352,101930,3074,56228,2453,,,45702,1909,7700,769,Virginia,Albemarle County,90120,1697,71450,1401,18670,1753,6476,904,7896,956,4298,767,,,102,97
011,001,051,013,District of Columbia,District of Columbia,580260,623,470630,3352,101930,3074,56228,2453,,,45702,1909,7700,769,Virginia,Arlington County,200861,2613,158886,2239,41948,2146,15049,1216,13934,1535,12965,1185,27,40,1977,312
011,001,051,041,District of Columbia,District of Columbia,580260,623,470630,3352,101930,3074,56228,2453,,,45702,1909,7700,769,Virginia,Chesterfield County,289466,2109,253344,2348,36122,1919,19028,1517,12044,1066,5050,720,,,23,27
011,001,051,047,District of Columbia,District of Columbia,580260,623,470630,3352,101930,3074,56228,2453,,,45702,1909,7700,769,Virginia,Culpeper County,43374,774,37940,938,5434,848,2625,646,2040,544,769,251,,,11,19
011,001,051,059,District of Columbia,District of Columbia,580260,623,470630,3352,101930,3074,56228,2453,,,45702,1909,7700,769,Virginia,Fairfax County,983456,5022,845795,4988,137517,4832,64682,3219,36587,2143,36248,1998,144,75,1265,282
011,001,051,061,District of Columbia,District of Columbia,580260,623,470630,3352,101930,3074,56228,2453,,,45702,1909,7700,769,Virginia,Fauquier County,65705,1139,58921,1046,6784,941,2457,607,3215,647,1112,397,,,18,28
011,001,051,069,District of Columbia,District of Columbia,580260,623,470630,3352,101930,3074,56228,2453,,,45702,1909,7700,769,Virginia,Frederick County,71396,1256,60032,1294,11364,1231,5097,952,4068,693,2199,460,,,7,12
011,001,051,087,District of Columbia,District of Columbia,580260,623,470630,3352,101930,3074,56228,2453,,,45702,1909,7700,769,Virginia,Henrico County,280477,2041,234757,2450,45720,2171,25956,1847,12966,1021,6798,768,,,37,47
011,001,051,095,District of Columbia,District of Columbia,580260,623,470630,3352,101930,3074,56228,2453,,,45702,1909,7700,769,Virginia,James City County,58424,1269,50681,990,7743,974,2790,526,3438,723,1515,344,,,74,71
011,001,051,099,District of Columbia,District of Columbia,580260,623,470630,3352,101930,3074,56228,2453,,,45702,1909,7700,769,Virginia,King George County,20312,836,17800,568,2512,517,722,273,1108,337,682,264,,,9,14
011,001,051,107,District of Columbia,District of Columbia,580260,623,470630,3352,101930,3074,56228,2453,,,45702,1909,7700,769,Virginia,Loudoun County,264782,2330,229979,2328,34803,2434,17016,1660,9324,1215,8463,1033,,,108,92
011,001,051,153,District of Columbia,District of Columbia,580260,623,470630,3352,101930,3074,56228,2453,,,45702,1909,7700,769,Virginia,Prince William County,353361,3440,291175,2967,62186,3387,28073,2512,19433,1480,14680,1370,,,373,140
011,001,051,157,District of Columbia,District of Columbia,580260,623,470630,3352,101930,3074,56228,2453,,,45702,1909,7700,769,Virginia,Rappahannock County,7317,307,6499,202,818,309,295,164,418,258,105,65,,,26,44
011,001,051,171,District of Columbia,District of Columbia,580260,623,470630,3352,101930,3074,56228,2453,,,45702,1909,7700,769,Virginia,Shenandoah County,39585,858,34381,977,5204,907,2790,661,1701,499,713,214,,,45,46
011,001,051,177,District of Columbia,District of Columbia,580260,623,470630,3352,101930,3074,56228,2453,,,45702,1909,7700,769,Virginia,Spotsylvania County,117125,1783,100732,1772,16393,1670,6626,1105,5416,774,4351,946,,,13,21
011,001,051,179,District of Columbia,District of Columbia,580260,623,470630,3352,101930,3074,56228,2453,,,45702,1909,7700,769,Virginia,Stafford County,116429,2385,98380,1986,18049,1712,4577,838,8604,1290,4868,786,,,41,47
011,001,051,195,District of Columbia,District of Columbia,580260,623,470630,3352,101930,3074,56228,2453,,,45702,1909,7700,769,Virginia,Wise County,41337,772,35647,724,5690,915,3527,655,1423,470,740,251,,,27,44
011,001,051,199,District of Columbia,District of Columbia,580260,623,470630,3352,101930,3074,56228,2453,,,45702,1909,7700,769,Virginia,York County,59745,1632,50738,1275,8997,1059,2239,597,3944,785,2814,533,10,16,19,31
011,001,051,510,District of Columbia,District of Columbia,580260,623,470630,3352,101930,3074,56228,2453,,,45702,1909,7700,769,Virginia,Alexandria city,135976,2235,107869,1629,28073,2075,9085,1137,10884,1281,8104,849,34,41,885,242
011,001,051,540,District of Columbia,District of Columbia,580260,623,470630,3352,101930,3074,56228,2453,,,45702,1909,7700,769,Virginia,Charlottesville city,37051,1074,27582,830,9469,927,3842,563,3904,589,1723,343,,,49,39
011,001,051,550,District of Columbia,District of Columbia,580260,623,470630,3352,101930,3074,56228,2453,,,45702,1909,7700,769,Virginia,Chesapeake city,217586,2057,186286,1777,31300,1955,10816,1208,12597,1161,7887,987,,,98,87
011,001,051,570,District of Columbia,District of Columbia,580260,623,470630,3352,101930,3074,56228,2453,,,45702,1909,7700,769,Virginia,Colonial Heights city,17985,504,15421,414,2564,498,946,304,1282,379,336,160,,,11,16
011,001,051,600,District of Columbia,District of Columbia,580260,623,470630,3352,101930,3074,56228,2453,,,45702,1909,7700,769,Virginia,Fairfax city,33318,1367,19220,522,14053,1303,925,358,8954,991,4174,673,45,70,134,85
011,001,051,610,District of Columbia,District of Columbia,580260,623,470630,3352,101930,3074,56228,2453,,,45702,1909,7700,769,Virginia,Falls Church city,11315,512,9267,333,2048,484,204,116,1239,408,605,231,,,43,49
011,001,051,650,District of Columbia,District of Columbia,580260,623,470630,3352,101930,3074,56228,2453,,,45702,1909,7700,769,Virginia,Hampton city,144087,1929,117727,1715,26336,1816,11068,1221,8658,1130,6610,863,24,38,51,58
011,001,051,660,District of Columbia,District of Columbia,580260,623,470630,3352,101930,3074,56228,2453,,,45702,1909,7700,769,Virginia,Harrisonburg city,31588,1735,26641,1810,4947,730,2224,505,1954,431,769,206,,,59,50
011,001,051,670,District of Columbia,District of Columbia,580260,623,470630,3352,101930,3074,56228,2453,,,45702,1909,7700,769,Virginia,Hopewell city,22684,747,18841,641,3843,827,1834,686,1451,459,558,280,,,33,40
011,001,051,680,District of Columbia,District of Columbia,580260,623,470630,3352,101930,3074,56228,2453,,,45702,1909,7700,769,Virginia,Lynchburg city,65807,1217,54382,1094,11425,1078,5951,696,3619,542,1855,511,,,11,17
011,001,051,683,District of Columbia,District of Columbia,580260,623,470630,3352,101930,3074,56228,2453,,,45702,1909,7700,769,Virginia,Manassas city,32793,1219,27946,1085,4819,719,1119,446,2271,511,1429,368,28,43,67,94
011,001,051,700,District of Columbia,District of Columbia,580260,623,470630,3352,101930,3074,56228,2453,,,45702,1909,7700,769,Virginia,Newport News city,181267,2627,144095,2588,37172,2364,18968,1859,10950,1349,7254,921,,,49,53
011,001,051,710,District of Columbia,District of Columbia,580260,623,470630,3352,101930,3074,56228,2453,,,45702,1909,7700,769,Virginia,Norfolk city,232509,3194,176943,2284,55566,2623,24931,1700,16047,1614,14588,1422,,,32,39
011,001,051,730,District of Columbia,District of Columbia,580260,623,470630,3352,101930,3074,56228,2453,,,45702,1909,7700,769,Virginia,Petersburg city,34268,694,28557,740,5711,876,2262,662,2486,547,963,260,,,47,44
011,001,051,740,District of Columbia,District of Columbia,580260,623,470630,3352,101930,3074,56228,2453,,,45702,1909,7700,769,Virginia,Portsmouth city,97174,1896,79488,1552,17686,1608,7953,1043,6847,1111,2886,668,,,21,35
011,001,051,760,District of Columbia,District of Columbia,580260,623,470630,3352,101930,3074,56228,2453,,,45702,1909,7700,769,Virginia,Richmond city,197401,1930,152381,1906,44989,2133,21615,1582,16654,1316,6720,896,31,50,312,168
011,001,051,770,District of Columbia,District of Columbia,580260,623,470630,3352,101930,3074,56228,2453,,,45702,1909,7700,769,Virginia,Roanoke city,94622,1436,74364,1266,20258,1548,9863,914,7609,1040,2786,721,,,12,19
011,001,051,800,District of Columbia,District of Columbia,580260,623,470630,3352,101930,3074,56228,2453,,,45702,1909,7700,769,Virginia,Suffolk city,79518,1308,67829,1215,11689,1376,5186,818,4198,786,2305,723,,,21,36
011,001,051,810,District of Columbia,District of Columbia,580260,623,470630,3352,101930,3074,56228,2453,,,45702,1909,7700,769,Virginia,Virginia Beach city,425270,3746,342575,3155,82553,3540,40305,2408,17218,1529,25030,1747,142,155,106,84
011,001,051,830,District of Columbia,District of Columbia,580260,623,470630,3352,101930,3074,56228,2453,,,45702,1909,7700,769,Virginia,Williamsburg city,11946,764,6850,492,5096,793,2158,503,2032,513,906,306,,,15,21
011,001,053,029,District of Columbia,District of Columbia,580260,623,470630,3352,101930,3074,56228,2453,,,45702,1909,7700,769,Washington,Island County,78368,1595,64446,1510,13922,1489,6803,907,3397,657,3722,683,,,13,22
011,001,053,033,District of Columbia,District of Columbia,580260,623,470630,3352,101930,3074,56228,2453,,,45702,1909,7700,769,Washington,King County,1813296,5742,1479270,6462,333988,6100,227481,5200,52492,2353,54015,2672,38,62,213,123
011,001,053,053,District of Columbia,District of Columbia,580260,623,470630,3352,101930,3074,56228,2453,,,45702,1909,7700,769,Washington,Pierce County,746805,3938,601788,4619,144954,4410,97515,3589,22958,1752,24481,2021,63,101,46,52
011,001,053,055,District of Columbia,District of Columbia,580260,623,470630,3352,101930,3074,56228,2453,,,45702,1909,7700,769,Washington,San Juan County,15048,374,13234,289,1814,334,896,195,415,160,503,228,,,13,22
011,001,053,061,District of Columbia,District of Columbia,580260,623,470630,3352,101930,3074,56228,2453,,,45702,1909,7700,769,Washington,Snohomish County,653426,3176,543075,3742,110351,4008,73867,3595,21839,1596,14645,1596,,,9,14
011,001,053,063,District of Columbia,District of Columbia,580260,623,470630,3352,101930,3074,56228,2453,,,45702,1909,7700,769,Washington,Spokane County,442680,2671,359827,2762,82853,2981,58902,2478,10345,1257,13606,1398,,,22,35
011,001,053,067,District of Columbia,District of Columbia,580260,623,470630,3352,101930,3074,56228,2453,,,45702,1909,7700,769,Washington,Thurston County,230555,1883,191227,2135,39328,2409,25027,2081,8077,877,6224,825,,,31,49
011,001,053,073,District of Columbia,District of Columbia,580260,623,470630,3352,101930,3074,56228,2453,,,45702,1909,7700,769,Washington,Whatcom County,187275,1727,156285,1820,30990,1814,20291,1619,6936,861,3763,668,,,38,47
011,001,053,077,District of Columbia,District of Columbia,580260,623,470630,3352,101930,3074,56228,2453,,,45702,1909,7700,769,Washington,Yakima County,226677,1953,186798,2674,39879,2935,30262,2679,5582,949,4035,783,,,9,13
011,001,054,003,District of Columbia,District of Columbia,580260,623,470630,3352,101930,3074,56228,2453,,,45702,1909,7700,769,West Virginia,Berkeley County,97573,1572,83364,1551,14209,1440,8028,1112,2304,536,3877,808,,,24,38
011,001,054,019,District of Columbia,District of Columbia,580260,623,470630,3352,101930,3074,56228,2453,,,45702,1909,7700,769,West Virginia,Fayette County,45819,787,39617,740,6202,870,3695,679,1794,543,713,240,,,50,70
011,001,054,025,District of Columbia,District of Columbia,580260,623,470630,3352,101930,3074,56228,2453,,,45702,1909,7700,769,West Virginia,Greenbrier County,33587,510,30124,604,3463,575,1970,431,620,187,873,263,,,11,17
011,001,054,033,District of Columbia,District of Columbia,580260,623,470630,3352,101930,3074,56228,2453,,,45702,1909,7700,769,West Virginia,Harrison County,66978,820,59614,935,7364,961,4628,691,1411,393,1325,419,,,20,34
011,001,054,039,District of Columbia,District of Columbia,580260,623,470630,3352,101930,3074,56228,2453,,,45702,1909,7700,769,West Virginia,Kanawha County,188879,1450,162579,1745,26300,1577,17727,1419,4299,601,4274,668,,,20,30
011,001,054,049,District of Columbia,District of Columbia,580260,623,470630,3352,101930,3074,56228,2453,,,45702,1909,7700,769,West Virginia,Marion County,55480,686,48796,1053,6684,941,4415,852,1290,358,979,326,,,22,34
011,001,054,061,District of Columbia,District of Columbia,580260,623,470630,3352,101930,3074,56228,2453,,,45702,1909,7700,769,West Virginia,Monongalia County,82172,1069,67538,1102,14634,1291,8679,908,2068,449,3887,854,,,45,53
011,001,054,077,District of Columbia,District of Columbia,580260,623,470630,3352,101930,3074,56228,2453,,,45702,1909,7700,769,West Virginia,Preston County,29526,489,26642,574,2884,509,1602,448,491,144,791,301,,,18,16
011,001,054,081,District of Columbia,District of Columbia,580260,623,470630,3352,101930,3074,56228,2453,,,45702,1909,7700,769,West Virginia,Raleigh County,76810,1332,66711,1206,10099,1320,5730,808,1581,425,2788,856,,,66,57
011,001,055,009,District of Columbia,District of Columbia,580260,623,470630,3352,101930,3074,56228,2453,,,45702,1909,7700,769,Wisconsin,Brown County,239701,1572,203068,1937,36627,2059,23755,1799,8845,897,4027,640,6,10,60,65
011,001,055,025,District of Columbia,District of Columbia,580260,623,470630,3352,101930,3074,56228,2453,,,45702,1909,7700,769,Wisconsin,Dane County,465766,2710,367660,2898,98106,2949,69643,2462,13185,994,15278,1485,,,129,69
011,001,055,079,District of Columbia,District of Columbia,580260,623,470630,3352,101930,3074,56228,2453,,,45702,1909,7700,769,Wisconsin,Milwaukee County,945026,3429,764375,4677,180287,4552,134924,4077,25448,1466,19915,1732,364,190,12,20
011,001,055,089,District of Columbia,District of Columbia,580260,623,470630,3352,101930,3074,56228,2453,,,45702,1909,7700,769,Wisconsin,Ozaukee County,85319,875,75264,756,10055,1012,3771,539,3679,615,2605,691,,,20,32
011,001,055,105,District of Columbia,District of Columbia,580260,623,470630,3352,101930,3074,56228,2453,,,45702,1909,7700,769,Wisconsin,Rock County,157056,1247,136177,1556,20879,1353,13708,1181,3464,431,3707,707,,,15,23
011,001,056,029,District of Columbia,District of Columbia,580260,623,470630,3352,101930,3074,56228,2453,,,45702,1909,7700,769,Wyoming,Park County,26199,821,20921,750,5278,669,3194,481,488,190,1596,477,,,10,16
011,001,072,000,District of Columbia,District of Columbia,580260,623,470630,3352,101930,3074,56228,2453,,,45702,1909,7700,769,Puerto Rico,-,,,,,,,,,,,,,,,168,92
011,001,AFR,000,District of Columbia,District of Columbia,580260,623,470630,3352,101930,3074,56228,2453,,,45702,1909,7700,769,Africa,-,,,,,,,,,,,,,,,550,243
011,001,ASI,000,District of Columbia,District of Columbia,580260,623,470630,3352,101930,3074,56228,2453,,,45702,1909,7700,769,Asia,-,,,,,,,,,,,,,,,1880,407
011,001,CAM,000,District of Columbia,District of Columbia,580260,623,470630,3352,101930,3074,56228,2453,,,45702,1909,7700,769,Central America,-,,,,,,,,,,,,,,,1052,378
011,001,CAR,000,District of Columbia,District of Columbia,580260,623,470630,3352,101930,3074,56228,2453,,,45702,1909,7700,769,Caribbean,-,,,,,,,,,,,,,,,524,205
011,001,EUR,000,District of Columbia,District of Columbia,580260,623,470630,3352,101930,3074,56228,2453,,,45702,1909,7700,769,Europe,-,,,,,,,,,,,,,,,2694,417
011,001,ISL,000,District of Columbia,District of Columbia,580260,623,470630,3352,101930,3074,56228,2453,,,45702,1909,7700,769,U.S. Island Areas,-,,,,,,,,,,,,,,,38,49
011,001,NAM,000,District of Columbia,District of Columbia,580260,623,470630,3352,101930,3074,56228,2453,,,45702,1909,7700,769,Northern America,-,,,,,,,,,,,,,,,138,77
011,001,OCE,000,District of Columbia,District of Columbia,580260,623,470630,3352,101930,3074,56228,2453,,,45702,1909,7700,769,Oceania and At Sea,-,,,,,,,,,,,,,,,215,159
011,001,SAM,000,District of Columbia,District of Columbia,580260,623,470630,3352,101930,3074,56228,2453,,,45702,1909,7700,769,South America,-,,,,,,,,,,,,,,,441,195
Footnotes:,,,,,,,,,,,,,,,,,,,,,,,,,,,,,,,,,,,,,
"1Incudes Puerto Rico, U.S. Island Areas, and Foreign Countries",,,,,,,,,,,,,,,,,,,,,,,,,,,,,,,,,,,,,
MOE - Margin of error based on 90% confidence interval,,,,,,,,,,,,,,,,,,,,,,,,,,,,,,,,,,,,,
"Source: U.S. Census Bureau, 2005-2009 American Community Survey",,,,,,,,,,,,,,,,,,,,,,,,,,,,,,,,,,,,,
